year,game_sno,date,opponent,home_away,final_visiting,final_home,lin_li_played,lin_li_role,team_win,team_r,team_pa,team_ab,team_h,team_1b,team_2b,team_3b,team_hr,team_bb,team_ibb,team_hbp,team_sf,team_sac,team_so,team_gidp,team_sb,team_cs
2020,1,2020-04-11,中信兄弟,home,3,4,True,先發,True,4,33,28,7,3,3,0,1,5,0,0,0,0,4,1,0,1
2020,2,2020-04-12,富邦悍將,home,3,14,True,先發,True,14,47,43,19,11,4,0,4,1,0,3,0,0,7,0,2,0
2020,6,2020-04-15,統一7-ELEVEn獅,home,7,6,True,先發,False,9,52,49,16,7,3,0,6,3,1,0,0,0,8,1,1,0
2020,7,2020-04-16,統一7-ELEVEn獅,home,3,15,True,先發,True,15,44,36,14,7,4,0,3,8,0,0,0,0,5,2,3,0
2020,9,2020-04-17,富邦悍將,home,1,6,True,先發,True,11,40,38,14,9,1,0,4,2,1,0,0,0,7,0,0,0
2020,11,2020-04-18,富邦悍將,home,2,6,True,先發,True,12,44,37,16,11,4,0,1,5,0,0,1,1,8,0,1,0
2020,13,2020-04-19,富邦悍將,home,7,4,True,先發,False,3,33,31,7,3,4,0,0,0,0,1,0,1,5,0,0,1
2020,16,2020-04-22,中信兄弟,away,9,5,True,先發,True,3,43,41,13,13,0,0,0,2,0,0,0,0,12,1,1,1
2020,17,2020-04-23,中信兄弟,away,6,5,True,先發,True,6,42,38,10,6,3,0,1,4,0,0,0,0,8,0,0,0
2020,19,2020-04-24,統一7-ELEVEn獅,away,11,0,True,先發,True,14,47,45,17,10,2,2,3,2,0,0,0,0,7,0,0,0
2020,21,2020-04-25,統一7-ELEVEn獅,away,6,5,True,先發,True,7,45,39,14,11,1,0,2,5,0,0,1,0,9,1,0,0
2020,23,2020-04-26,統一7-ELEVEn獅,away,4,5,True,先發,False,5,36,35,12,9,2,0,1,0,0,0,1,0,4,2,0,0
2020,24,2020-04-28,富邦悍將,away,3,0,True,先發,True,3,40,38,12,10,1,0,1,0,0,2,0,0,7,1,2,0
2020,25,2020-04-29,富邦悍將,away,5,3,True,先發,True,5,38,35,10,9,1,0,0,1,0,0,2,0,7,1,2,1
2020,28,2020-05-01,中信兄弟,home,10,8,True,先發,False,8,53,48,13,10,2,1,0,1,0,1,2,1,11,0,2,0
2020,30,2020-05-02,中信兄弟,home,11,16,True,先發,True,16,49,44,21,12,8,0,1,3,0,2,0,0,5,1,2,1
2020,32,2020-05-03,中信兄弟,home,3,9,True,先發,True,9,38,34,15,10,2,0,3,3,0,0,1,0,7,1,1,1
2020,36,2020-05-07,富邦悍將,home,6,15,True,先發,True,15,47,41,22,20,1,1,0,2,0,0,2,2,4,2,1,0
2020,37,2020-05-08,中信兄弟,away,4,6,True,先發,False,4,40,34,10,5,3,1,1,5,0,0,1,0,8,0,1,0
2020,39,2020-05-09,中信兄弟,away,6,3,True,非先發,True,6,44,30,8,8,0,0,0,7,1,3,0,4,7,2,1,0
2020,41,2020-05-10,中信兄弟,away,5,4,False,,True,5,38,31,5,2,1,0,2,4,0,1,1,1,9,0,1,0
2020,43,2020-05-12,統一7-ELEVEn獅,away,17,10,True,先發,True,17,52,40,18,12,4,0,2,8,0,0,4,0,4,0,1,2
2020,44,2020-05-13,統一7-ELEVEn獅,away,11,15,True,先發,False,11,45,39,16,10,4,0,2,4,0,2,0,0,5,4,1,0
2020,48,2020-05-15,富邦悍將,away,1,2,True,先發,False,7,47,45,15,10,3,0,2,1,0,1,0,0,15,0,3,1
2020,50,2020-05-16,富邦悍將,away,6,12,True,先發,False,6,44,42,16,11,4,0,1,2,0,0,0,0,9,0,0,0
2020,52,2020-05-17,富邦悍將,away,19,9,True,先發,True,7,42,39,13,8,4,0,1,1,0,1,1,0,5,1,3,0
2020,55,2020-05-21,中信兄弟,home,3,5,True,先發,True,7,46,36,10,9,1,0,0,6,0,3,0,1,10,0,5,0
2020,57,2020-05-22,統一7-ELEVEn獅,home,4,3,True,先發,False,3,42,37,12,9,3,0,0,4,0,0,1,0,9,1,1,1
2020,59,2020-05-23,統一7-ELEVEn獅,home,0,17,False,,True,9,41,36,13,7,3,0,3,3,0,2,0,0,6,1,2,0
2020,61,2020-05-24,統一7-ELEVEn獅,home,7,3,True,先發,False,5,43,38,13,9,3,1,0,4,0,0,0,1,6,2,3,1
2020,64,2020-05-27,富邦悍將,away,11,10,True,先發,True,2,37,35,7,6,1,0,0,1,0,1,0,0,12,0,0,0
2020,65,2020-05-28,富邦悍將,away,6,1,True,先發,True,5,38,32,11,8,1,0,2,5,0,1,0,0,5,1,0,1
2020,66,2020-05-29,統一7-ELEVEn獅,away,3,1,True,先發,True,3,34,25,4,4,0,0,0,4,0,0,2,3,2,0,0,2
2020,68,2020-05-30,統一7-ELEVEn獅,away,5,7,True,先發,False,5,40,38,14,10,2,1,1,1,0,0,1,0,6,0,0,2
2020,70,2020-05-31,統一7-ELEVEn獅,away,9,8,True,先發,True,9,49,47,21,16,5,0,0,1,0,1,0,0,7,2,0,0
2020,72,2020-06-02,中信兄弟,away,5,10,True,先發,False,5,45,42,13,9,1,0,3,3,0,0,0,0,12,0,0,0
2020,73,2020-06-03,中信兄弟,away,4,8,True,先發,False,4,36,36,8,5,2,0,1,0,0,0,0,0,11,0,0,0
2020,77,2020-06-05,富邦悍將,home,7,8,True,先發,True,6,37,35,12,7,2,0,3,2,0,0,0,0,7,1,1,1
2020,79,2020-06-06,富邦悍將,home,3,14,True,先發,True,6,38,35,12,8,3,0,1,2,0,0,1,0,5,1,0,2
2020,81,2020-06-07,富邦悍將,home,3,14,True,先發,True,14,44,41,17,10,3,2,2,1,0,1,0,1,6,1,1,0
2020,82,2020-06-09,統一7-ELEVEn獅,home,7,6,True,先發,False,6,46,40,13,9,1,2,1,3,0,2,1,0,7,0,0,0
2020,83,2020-06-10,統一7-ELEVEn獅,home,11,2,True,先發,False,2,35,34,10,7,1,0,2,1,0,0,0,0,7,3,0,0
2020,86,2020-06-12,中信兄弟,home,0,4,True,先發,True,4,35,29,9,4,4,0,1,5,0,0,0,1,4,0,0,0
2020,88,2020-06-13,中信兄弟,home,8,5,True,先發,False,5,40,38,15,14,1,0,0,1,0,0,0,1,9,2,0,0
2020,90,2020-06-14,中信兄弟,home,1,4,False,,True,4,38,31,7,6,0,0,1,6,0,0,0,1,13,1,0,0
2020,94,2020-06-17,統一7-ELEVEn獅,away,15,1,True,先發,True,5,39,37,12,7,2,0,3,1,0,1,0,0,7,1,1,1
2020,95,2020-06-18,統一7-ELEVEn獅,away,5,10,True,先發,False,5,40,35,11,6,2,0,3,4,0,1,0,0,11,1,2,0
2020,96,2020-06-19,中信兄弟,away,4,7,True,先發,False,4,38,34,8,4,4,0,0,3,1,1,0,0,5,2,0,0
2020,98,2020-06-20,中信兄弟,away,11,1,True,先發,True,11,43,41,14,6,3,1,4,2,0,0,0,0,9,0,0,0
2020,100,2020-06-21,中信兄弟,away,8,1,True,先發,True,8,39,36,10,6,3,0,1,3,0,0,0,0,8,1,0,0
2020,102,2020-06-23,富邦悍將,home,11,4,True,先發,False,4,39,39,12,10,1,0,1,0,0,0,0,0,10,2,0,0
2020,103,2020-06-24,富邦悍將,home,3,10,True,先發,True,10,43,33,11,5,3,1,2,9,0,0,1,0,3,1,3,0
2020,105,2020-06-26,統一7-ELEVEn獅,home,6,8,True,先發,True,8,37,36,12,6,2,2,2,0,0,1,0,0,3,0,1,0
2020,107,2020-06-27,統一7-ELEVEn獅,home,21,5,True,先發,False,5,39,38,10,4,3,1,2,1,0,0,0,0,10,0,1,0
2020,109,2020-06-28,統一7-ELEVEn獅,home,10,2,True,先發,False,2,36,35,7,5,1,0,1,1,0,0,0,0,9,0,1,0
2020,111,2020-06-30,中信兄弟,home,2,7,True,先發,True,7,34,27,6,2,3,0,1,3,0,2,2,0,7,0,0,1
2020,112,2020-07-01,中信兄弟,home,20,0,True,先發,False,0,34,29,4,3,1,0,0,5,0,0,0,0,8,2,0,0
2020,115,2020-07-03,富邦悍將,away,15,8,True,先發,True,15,48,45,21,13,4,0,4,1,0,0,2,0,10,1,1,0
2020,117,2020-07-04,富邦悍將,away,6,7,True,先發,False,6,38,34,10,5,5,0,0,2,0,1,1,0,7,1,1,1
2020,119,2020-07-05,富邦悍將,away,4,9,True,先發,False,4,38,35,9,7,1,0,1,2,0,0,1,0,4,0,0,1
2020,121,2020-07-24,富邦悍將,away,7,8,True,先發,False,7,53,51,16,12,2,0,2,2,0,0,0,0,8,2,2,0
2020,123,2020-07-25,富邦悍將,away,5,8,False,,False,5,41,39,12,9,3,0,0,2,0,0,0,0,8,1,1,0
2020,125,2020-07-26,富邦悍將,away,10,5,True,非先發,True,10,45,40,15,12,2,1,0,4,0,0,1,0,4,1,0,0
2020,127,2020-07-28,中信兄弟,home,4,1,True,非先發,False,1,36,34,7,5,2,0,0,0,0,1,1,0,7,0,0,0
2020,128,2020-07-29,中信兄弟,home,7,8,True,先發,True,8,41,35,10,5,2,0,3,5,1,1,0,0,14,0,3,0
2020,131,2020-07-31,統一7-ELEVEn獅,home,2,3,True,先發,True,3,36,33,7,5,1,1,0,2,0,1,0,0,4,0,1,0
2020,133,2020-08-01,統一7-ELEVEn獅,home,3,5,True,先發,True,5,31,29,10,7,1,0,2,0,0,1,1,0,7,1,1,1
2020,135,2020-08-02,統一7-ELEVEn獅,home,10,4,True,先發,False,4,42,39,11,9,2,0,0,2,0,0,1,0,6,1,2,0
2020,139,2020-08-05,富邦悍將,home,5,4,True,非先發,False,4,32,30,8,7,1,0,0,1,1,0,1,0,7,0,1,0
2020,140,2020-08-06,富邦悍將,home,3,8,False,,True,8,40,37,16,12,3,0,1,3,0,0,0,0,6,1,0,2
2020,141,2020-08-07,中信兄弟,away,4,1,True,先發,True,4,36,33,9,7,1,1,0,2,0,1,0,0,7,1,0,1
2020,143,2020-08-08,中信兄弟,away,0,11,False,,False,0,33,32,6,6,0,0,0,1,0,0,0,0,6,0,1,1
2020,145,2020-08-09,中信兄弟,away,5,10,True,非先發,False,5,38,34,11,9,1,0,1,3,0,0,1,0,5,1,0,1
2020,147,2020-08-11,富邦悍將,away,2,4,True,先發,False,2,38,32,6,4,2,0,0,4,0,2,0,0,15,1,1,0
2020,148,2020-08-12,富邦悍將,away,6,10,True,先發,False,6,44,40,14,11,3,0,0,4,1,0,0,0,9,0,2,0
2020,151,2020-08-14,中信兄弟,home,6,11,True,先發,True,11,41,35,13,8,3,1,1,3,0,2,0,1,7,0,1,1
2020,153,2020-08-15,中信兄弟,home,11,1,False,,False,1,35,34,8,8,0,0,0,1,0,0,0,0,10,0,0,1
2020,155,2020-08-16,中信兄弟,home,4,1,True,先發,False,1,35,33,6,4,1,0,1,1,0,1,0,0,6,0,0,0
2020,159,2020-08-19,統一7-ELEVEn獅,home,8,2,True,先發,False,4,38,32,5,2,2,0,1,6,0,0,0,0,3,1,0,0
2020,160,2020-08-20,統一7-ELEVEn獅,home,8,7,True,先發,False,7,42,40,14,9,3,1,1,1,0,0,1,0,3,0,1,0
2020,162,2020-08-21,富邦悍將,home,8,8,True,先發,False,3,36,31,10,8,0,0,2,4,1,0,0,1,5,2,1,0
2020,164,2020-08-22,富邦悍將,home,3,19,True,先發,True,10,46,40,17,12,3,1,1,4,0,1,1,0,4,0,1,0
2020,166,2020-08-23,富邦悍將,home,4,0,True,先發,False,0,35,33,7,6,1,0,0,2,0,0,0,0,6,1,0,0
2020,167,2020-08-25,中信兄弟,away,1,4,True,先發,False,1,35,33,6,4,2,0,0,2,0,0,0,0,8,1,1,0
2020,168,2020-08-26,中信兄弟,away,3,5,True,先發,False,3,40,37,11,10,1,0,0,3,0,0,0,0,15,1,0,0
2020,171,2020-08-28,統一7-ELEVEn獅,away,3,8,True,先發,False,3,38,32,5,3,1,0,1,5,0,1,0,0,7,1,1,0
2020,173,2020-08-29,統一7-ELEVEn獅,away,11,6,False,,True,11,47,38,12,6,4,0,2,6,0,2,1,0,5,1,2,0
2020,175,2020-08-30,統一7-ELEVEn獅,away,7,4,False,,True,7,53,48,14,10,1,0,3,4,0,1,0,0,8,1,1,1
2020,177,2020-09-01,富邦悍將,home,14,2,True,非先發,False,2,39,35,9,6,3,0,0,4,0,0,0,0,11,0,0,0
2020,178,2020-09-02,富邦悍將,home,3,10,True,先發,True,10,40,37,14,10,3,0,1,2,0,0,0,1,9,0,3,1
2020,181,2020-09-04,統一7-ELEVEn獅,home,7,8,True,先發,True,8,44,40,16,10,2,1,3,3,1,1,0,0,7,2,6,0
2020,183,2020-09-05,統一7-ELEVEn獅,home,4,5,True,先發,True,5,43,39,9,6,2,0,1,4,0,0,0,0,6,0,0,1
2020,185,2020-09-06,統一7-ELEVEn獅,home,5,12,True,非先發,True,12,46,33,11,7,2,0,2,10,0,2,1,0,6,1,1,0
2020,189,2020-09-09,中信兄弟,home,0,6,True,先發,True,1,41,36,11,10,0,0,1,5,0,0,0,0,5,1,1,0
2020,190,2020-09-10,中信兄弟,home,4,5,True,先發,True,5,35,32,10,8,0,1,1,3,0,0,0,0,7,2,0,1
2020,192,2020-09-11,富邦悍將,away,12,2,True,先發,True,7,45,42,14,12,1,0,1,3,0,0,0,0,7,0,1,1
2020,194,2020-09-12,富邦悍將,away,1,12,True,先發,False,1,33,33,8,7,1,0,0,0,0,0,0,0,5,1,0,1
2020,196,2020-09-13,富邦悍將,away,3,6,True,先發,False,4,39,31,6,4,1,0,1,7,1,0,0,1,10,1,1,0
2020,197,2020-09-15,統一7-ELEVEn獅,away,1,4,True,先發,False,1,33,30,4,2,1,1,0,2,0,1,0,0,5,0,0,1
2020,198,2020-09-16,統一7-ELEVEn獅,away,5,11,False,,False,5,40,36,13,8,4,0,1,1,0,2,1,0,3,1,2,0
2020,201,2020-09-18,中信兄弟,away,2,13,True,先發,False,2,33,32,6,6,0,0,0,0,0,0,0,1,10,0,0,0
2020,203,2020-09-19,中信兄弟,away,4,3,True,非先發,True,4,37,35,9,6,1,0,2,1,0,0,0,1,7,0,0,1
2020,205,2020-09-20,中信兄弟,away,0,6,True,非先發,False,0,31,28,2,2,0,0,0,3,0,0,0,0,7,1,0,0
2020,207,2020-09-22,統一7-ELEVEn獅,home,6,7,False,,True,7,40,36,13,11,2,0,0,2,0,0,1,1,4,1,0,0
2020,208,2020-09-23,統一7-ELEVEn獅,home,12,9,True,非先發,False,9,43,40,16,11,5,0,0,2,0,1,0,0,10,1,2,1
2020,211,2020-09-25,中信兄弟,home,4,9,True,非先發,True,9,38,33,12,6,3,1,2,3,1,1,0,1,8,0,0,1
2020,213,2020-09-26,中信兄弟,home,5,2,True,非先發,False,2,31,29,3,3,0,0,0,2,0,0,0,0,11,0,0,0
2020,215,2020-09-27,中信兄弟,home,13,7,False,,False,7,43,41,13,10,1,2,0,2,0,0,0,0,9,1,2,0
2020,219,2020-09-30,富邦悍將,away,7,6,True,先發,True,0,32,29,4,3,1,0,0,3,0,0,0,0,5,2,1,0
2020,220,2020-10-01,富邦悍將,away,7,2,True,先發,True,7,43,41,14,11,1,1,1,2,0,0,0,0,7,1,1,0
2020,221,2020-10-02,統一7-ELEVEn獅,away,15,2,True,先發,True,15,55,51,25,15,6,1,3,3,0,0,1,0,8,1,0,0
2020,223,2020-10-03,統一7-ELEVEn獅,away,8,10,True,先發,False,8,41,37,11,9,1,0,1,2,0,2,0,0,5,1,0,0
2020,225,2020-10-04,統一7-ELEVEn獅,away,3,9,True,先發,False,3,39,35,10,8,1,0,1,3,0,1,0,0,7,2,0,0
2020,229,2020-10-07,中信兄弟,away,4,2,True,先發,True,1,35,32,6,4,1,1,0,3,0,0,0,0,6,1,0,0
2020,230,2020-10-08,中信兄弟,away,5,8,True,先發,False,5,42,37,13,11,1,1,0,3,0,1,1,0,7,0,0,1
2020,231,2020-10-09,富邦悍將,home,2,13,True,先發,True,13,45,40,16,13,2,0,1,5,0,0,0,0,11,0,0,0
2020,233,2020-10-10,富邦悍將,home,6,2,True,先發,False,2,38,35,9,9,0,0,0,3,0,0,0,0,7,2,1,0
2020,235,2020-10-11,富邦悍將,home,15,11,True,先發,False,11,44,39,13,12,0,0,1,5,0,0,0,0,7,1,1,0
2020,238,2020-10-13,統一7-ELEVEn獅,away,5,3,True,先發,True,3,37,32,5,4,0,0,1,5,0,0,0,0,13,0,0,0
2020,240,2020-10-14,統一7-ELEVEn獅,away,7,7,True,先發,False,13,46,43,19,12,3,2,2,3,0,0,0,0,7,0,0,1
2021,4,2021-03-16,統一7-ELEVEn獅,away,12,4,True,先發,True,12,45,40,16,11,4,0,1,3,0,0,1,1,4,0,1,0
2021,5,2021-03-17,統一7-ELEVEn獅,away,2,4,True,先發,False,2,32,29,3,2,1,0,0,2,0,0,1,0,8,1,0,0
2021,10,2021-03-19,富邦悍將,away,1,5,True,先發,False,0,34,32,5,5,0,0,0,2,0,0,0,0,3,1,1,0
2021,12,2021-03-20,富邦悍將,away,4,6,True,非先發,False,6,43,39,11,6,4,0,1,4,0,0,0,0,9,1,0,0
2021,14,2021-03-21,富邦悍將,away,3,2,True,先發,True,4,38,37,14,11,3,0,0,1,1,0,0,0,9,0,0,3
2021,16,2021-03-23,味全龍,home,2,3,True,先發,True,4,35,34,10,7,3,0,0,1,0,0,0,0,8,3,2,0
2021,18,2021-03-24,統一7-ELEVEn獅,home,8,4,True,非先發,False,4,22,21,4,2,0,0,2,1,0,0,0,0,4,0,0,0
2021,20,2021-03-25,統一7-ELEVEn獅,home,3,8,True,先發,True,5,47,39,10,9,0,1,0,6,2,1,0,1,3,2,2,0
2021,21,2021-03-26,統一7-ELEVEn獅,home,1,4,True,先發,True,4,35,30,9,6,2,0,1,2,0,1,0,2,7,1,0,0
2021,25,2021-03-28,中信兄弟,away,6,3,True,先發,True,6,36,31,8,5,2,0,1,2,0,1,1,1,4,1,0,0
2021,27,2021-03-30,味全龍,home,3,0,True,先發,False,0,36,32,7,7,0,0,0,3,0,1,0,0,4,1,0,0
2021,29,2021-03-31,味全龍,home,2,3,True,先發,True,3,34,32,6,6,0,0,0,1,1,0,0,1,6,0,1,0
2021,31,2021-04-01,統一7-ELEVEn獅,home,2,7,True,先發,True,7,38,34,13,12,0,1,0,3,0,1,0,0,3,2,0,0
2021,35,2021-04-03,中信兄弟,home,12,6,True,先發,False,6,40,36,11,10,0,1,0,3,0,1,0,0,11,2,2,0
2021,37,2021-04-04,富邦悍將,home,7,2,True,先發,False,2,40,35,10,9,1,0,0,4,0,0,1,0,11,0,1,0
2021,42,2021-04-07,味全龍,away,5,4,True,先發,True,4,38,34,9,7,2,0,0,4,0,0,0,0,6,2,1,0
2021,44,2021-04-08,味全龍,away,0,2,True,先發,False,9,42,41,19,17,2,0,0,1,0,0,0,0,6,3,1,2
2021,45,2021-04-09,味全龍,away,5,2,True,先發,True,5,47,41,8,5,3,0,0,5,0,1,0,0,5,1,1,1
2021,47,2021-04-10,富邦悍將,away,6,7,True,先發,False,6,41,40,12,9,1,0,2,1,0,0,0,0,10,2,0,0
2021,52,2021-04-13,統一7-ELEVEn獅,away,1,6,True,先發,False,0,33,31,4,4,0,0,0,1,0,1,0,0,4,0,0,0
2021,55,2021-04-15,味全龍,away,11,0,False,,True,11,45,41,16,8,4,3,1,3,0,1,0,0,8,0,0,2
2021,58,2021-04-16,中信兄弟,home,1,5,True,先發,True,4,40,37,13,11,1,0,1,2,0,0,1,0,3,0,1,0
2021,60,2021-04-17,中信兄弟,home,0,7,True,非先發,True,1,35,32,6,4,1,0,1,2,0,1,0,0,15,1,0,1
2021,62,2021-04-18,中信兄弟,home,3,0,False,,False,5,36,34,13,11,2,0,0,2,0,0,0,0,5,2,1,0
2021,63,2021-04-20,中信兄弟,away,6,3,False,,True,6,42,39,14,12,2,0,0,3,0,0,0,0,5,2,1,1
2021,65,2021-04-21,中信兄弟,away,6,3,False,,True,6,37,30,9,7,0,0,2,3,0,1,0,3,5,2,0,0
2021,70,2021-04-23,統一7-ELEVEn獅,away,0,2,False,,False,3,41,38,11,9,2,0,0,3,0,0,0,0,10,0,1,0
2021,72,2021-04-24,統一7-ELEVEn獅,away,5,7,True,非先發,False,2,36,33,5,5,0,0,0,3,0,0,0,0,4,0,1,0
2021,74,2021-04-25,統一7-ELEVEn獅,away,9,0,True,先發,True,7,40,34,11,11,0,0,0,2,0,2,1,1,3,1,0,1
2021,78,2021-04-28,中信兄弟,away,8,2,True,非先發,True,7,43,35,12,10,0,0,2,6,0,0,1,1,7,1,1,0
2021,80,2021-04-29,中信兄弟,away,3,3,True,非先發,False,7,41,37,11,9,0,0,2,4,0,0,0,0,4,1,0,0
2021,81,2021-04-30,中信兄弟,away,0,2,True,先發,False,0,34,33,7,5,2,0,0,1,0,0,0,0,9,1,1,0
2021,83,2021-05-01,味全龍,away,5,7,True,先發,False,5,45,37,11,6,5,0,0,7,0,1,0,0,8,1,1,0
2021,87,2021-05-04,富邦悍將,home,8,6,True,先發,False,6,45,34,12,10,2,0,0,6,0,2,1,2,8,3,1,1
2021,89,2021-05-05,富邦悍將,home,1,2,True,先發,True,2,30,27,6,4,2,0,0,2,0,0,0,1,4,1,1,1
2021,91,2021-05-06,中信兄弟,home,13,4,True,非先發,False,4,39,34,9,8,1,0,0,5,0,0,0,0,6,3,1,0
2021,95,2021-05-08,統一7-ELEVEn獅,home,6,2,True,非先發,False,2,36,35,8,5,2,1,0,1,0,0,0,0,15,0,0,0
2021,97,2021-05-09,味全龍,home,3,2,True,非先發,False,2,36,31,7,4,3,0,0,3,0,0,1,1,2,1,0,0
2021,100,2021-05-11,味全龍,home,9,3,True,先發,False,1,38,32,7,3,3,1,0,4,0,2,0,0,9,2,0,0
2021,102,2021-05-12,富邦悍將,home,1,4,True,先發,True,5,37,34,9,6,3,0,0,1,0,1,0,1,4,0,0,0
2021,104,2021-05-13,富邦悍將,home,2,3,True,先發,True,7,35,34,10,7,3,0,0,1,0,0,0,0,1,0,0,1
2021,105,2021-05-14,富邦悍將,home,4,2,True,先發,False,2,35,30,6,4,1,1,0,3,0,0,1,1,14,0,1,1
2021,109,2021-05-16,統一7-ELEVEn獅,away,5,0,True,先發,True,5,38,34,8,5,2,0,1,3,0,0,0,1,5,0,1,0
2021,112,2021-05-18,統一7-ELEVEn獅,away,5,9,True,先發,False,1,33,28,3,1,1,1,0,5,0,0,0,0,5,2,0,0
2021,114,2021-05-20,富邦悍將,away,3,5,True,先發,False,3,41,38,13,12,1,0,0,2,0,0,0,1,5,1,2,0
2021,117,2021-05-21,味全龍,home,8,3,True,先發,False,4,33,29,8,4,4,0,0,4,0,0,0,0,6,1,2,1
2021,119,2021-05-22,味全龍,home,5,13,False,,True,5,37,31,9,8,1,0,0,2,0,2,1,0,4,0,0,1
2021,121,2021-05-23,味全龍,home,4,5,False,,True,3,32,29,7,4,2,1,0,1,0,0,1,1,3,0,2,1
2021,123,2021-05-25,統一7-ELEVEn獅,home,3,2,True,非先發,False,1,34,32,9,6,3,0,0,2,0,0,0,0,1,3,1,0
2021,127,2021-05-28,中信兄弟,away,5,6,True,先發,False,5,34,32,8,6,1,0,1,1,0,1,0,0,4,1,1,0
2021,129,2021-05-29,中信兄弟,away,12,7,True,先發,True,11,45,40,14,11,2,0,1,3,0,2,0,0,13,0,3,0
2021,130,2021-05-30,富邦悍將,home,3,12,True,先發,True,12,43,38,18,12,4,0,2,1,0,1,2,1,4,1,3,0
2021,133,2021-06-01,富邦悍將,home,2,4,True,先發,True,10,45,37,13,9,3,0,1,6,0,1,0,1,8,1,1,2
2021,135,2021-06-02,味全龍,away,11,8,True,先發,True,4,40,36,10,7,2,0,1,4,0,0,0,0,10,0,0,1
2021,136,2021-06-03,富邦悍將,away,12,2,True,先發,True,12,44,36,9,4,2,0,3,6,0,1,1,0,9,0,2,0
2021,137,2021-06-04,富邦悍將,away,1,16,True,先發,False,1,34,30,6,4,2,0,0,0,0,2,1,1,7,2,1,0
2021,142,2021-06-06,味全龍,away,1,1,True,先發,False,3,35,31,7,3,3,0,1,2,0,0,1,1,5,0,0,1
2021,147,2021-06-10,中信兄弟,home,7,4,True,先發,False,4,42,40,9,6,2,0,1,2,0,0,0,0,8,0,0,0
2021,148,2021-06-11,中信兄弟,home,9,4,True,先發,False,4,40,37,11,10,0,1,0,2,0,0,1,0,7,0,0,1
2021,149,2021-06-12,統一7-ELEVEn獅,home,5,6,True,先發,True,18,47,43,23,11,8,2,2,4,0,0,0,0,3,2,3,1
2021,152,2021-08-24,統一7-ELEVEn獅,home,3,1,True,先發,False,12,42,37,15,12,2,0,1,4,0,0,1,0,6,1,2,1
2021,154,2021-08-25,味全龍,home,5,2,True,先發,False,8,41,40,13,8,2,0,3,1,0,0,0,0,6,1,0,0
2021,156,2021-08-26,味全龍,home,5,1,True,先發,False,21,53,45,22,13,5,1,3,6,0,1,1,0,4,1,1,0
2021,157,2021-08-27,味全龍,home,3,8,True,先發,True,8,41,37,13,11,1,1,0,3,0,1,0,0,6,0,1,1
2021,161,2021-08-29,富邦悍將,away,7,5,True,先發,True,7,39,35,8,7,1,0,0,3,0,1,0,0,5,0,2,0
2021,163,2021-08-31,統一7-ELEVEn獅,home,9,4,True,先發,False,4,37,36,11,8,1,0,2,1,0,0,0,0,4,2,1,1
2021,165,2021-09-01,統一7-ELEVEn獅,home,12,7,True,先發,False,7,44,39,14,11,1,0,2,4,0,0,1,0,6,1,1,0
2021,167,2021-09-02,味全龍,home,2,13,True,先發,True,13,41,36,16,11,1,0,4,2,0,0,2,1,5,2,1,0
2021,171,2021-09-04,富邦悍將,home,3,4,True,先發,True,4,36,34,9,6,1,0,2,2,0,0,0,0,6,0,1,1
2021,173,2021-09-05,中信兄弟,home,7,3,True,先發,False,3,32,29,6,5,0,1,0,3,0,0,0,0,0,2,1,1
2021,178,2021-09-08,統一7-ELEVEn獅,away,7,4,True,先發,True,6,42,39,12,10,2,0,0,3,0,0,0,0,3,1,1,0
2021,180,2021-09-09,統一7-ELEVEn獅,away,3,0,True,先發,True,3,36,30,6,5,1,0,0,3,0,1,1,1,5,1,0,0
2021,181,2021-09-10,統一7-ELEVEn獅,away,7,5,True,先發,True,7,47,39,14,11,2,0,1,5,0,1,0,2,6,0,1,0
2021,183,2021-09-11,中信兄弟,away,2,5,False,,False,2,35,32,7,6,0,0,1,1,0,1,0,1,9,1,0,0
2021,188,2021-09-14,味全龍,away,5,0,True,先發,True,5,39,35,9,8,1,0,0,3,0,1,0,0,5,0,3,0
2021,191,2021-09-16,統一7-ELEVEn獅,away,5,6,True,先發,False,5,37,36,10,8,2,0,0,0,0,1,0,0,6,0,1,1
2021,194,2021-09-17,富邦悍將,home,0,1,True,先發,True,11,43,39,18,12,5,0,1,3,0,0,0,1,5,2,3,1
2021,196,2021-09-18,富邦悍將,home,1,4,True,先發,True,6,49,43,13,11,2,0,0,4,0,1,1,0,12,1,1,1
2021,198,2021-09-19,富邦悍將,home,2,9,True,先發,True,8,42,37,16,12,3,0,1,3,0,1,1,0,3,2,0,1
2021,199,2021-09-20,富邦悍將,away,4,4,True,先發,False,4,45,40,7,7,0,0,0,3,0,0,1,1,10,1,2,0
2021,201,2021-09-22,富邦悍將,away,4,3,True,先發,True,4,35,34,9,7,0,0,2,0,0,0,0,1,5,0,1,0
2021,206,2021-09-24,味全龍,away,3,5,True,先發,False,8,40,34,10,8,2,0,0,4,0,0,1,1,5,0,2,1
2021,208,2021-09-25,味全龍,away,0,4,True,先發,False,2,33,31,5,2,3,0,0,1,0,0,1,0,8,0,3,0
2021,210,2021-09-26,味全龍,away,8,3,True,先發,True,6,38,32,8,7,1,0,0,4,0,0,1,1,3,0,0,1
2021,214,2021-09-29,富邦悍將,away,1,6,True,先發,False,6,36,30,5,1,1,0,3,4,0,0,1,1,8,0,0,1
2021,216,2021-09-30,富邦悍將,away,4,2,True,先發,True,2,31,31,6,6,0,0,0,0,0,0,0,0,7,0,0,1
2021,217,2021-10-01,富邦悍將,away,7,9,True,先發,False,7,42,39,13,9,2,0,2,2,0,1,0,0,8,1,0,0
2021,219,2021-10-02,統一7-ELEVEn獅,away,5,10,True,先發,False,5,36,31,7,4,1,0,2,3,0,1,0,1,9,1,0,0
2021,223,2021-10-05,中信兄弟,home,8,6,True,先發,False,6,46,39,13,8,4,1,0,7,0,0,0,0,2,0,0,0
2021,225,2021-10-06,中信兄弟,home,10,10,True,先發,False,10,59,46,15,11,3,0,1,10,2,0,1,2,7,2,1,1
2021,227,2021-10-07,富邦悍將,home,7,6,True,先發,False,6,38,33,8,5,1,0,2,2,0,3,0,0,6,0,1,1
2021,231,2021-10-09,味全龍,home,9,6,True,先發,False,6,41,37,11,6,5,0,0,4,0,0,0,0,4,2,1,0
2021,233,2021-10-10,統一7-ELEVEn獅,home,7,0,True,先發,False,0,31,28,2,1,1,0,0,3,0,0,0,0,6,0,0,1
2021,236,2021-10-11,味全龍,home,5,0,False,,False,0,34,32,6,4,2,0,0,1,0,0,0,1,6,1,1,0
2021,238,2021-10-13,中信兄弟,home,7,1,True,先發,False,4,36,31,7,6,1,0,0,4,0,0,1,0,10,0,0,0
2021,240,2021-10-14,中信兄弟,home,0,3,True,先發,True,5,36,31,9,8,0,0,1,3,0,2,0,0,1,1,0,1
2021,241,2021-10-15,中信兄弟,home,6,3,True,先發,False,3,38,33,9,7,2,0,0,3,0,2,0,0,5,2,0,1
2021,245,2021-10-17,味全龍,away,3,0,True,先發,True,3,38,34,10,7,3,0,0,3,0,1,0,0,6,2,0,1
2021,248,2021-10-19,味全龍,away,5,6,False,,False,7,40,35,7,3,1,0,3,4,0,1,0,0,8,0,0,0
2021,251,2021-10-21,中信兄弟,away,1,2,True,先發,False,1,31,30,5,3,2,0,0,0,0,0,1,0,11,0,0,1
2021,254,2021-10-22,統一7-ELEVEn獅,home,3,4,True,先發,True,4,47,37,10,7,2,0,1,6,1,1,0,3,8,1,0,0
2021,256,2021-10-23,統一7-ELEVEn獅,home,2,5,False,,True,0,19,19,3,2,1,0,0,0,0,0,0,0,6,1,0,0
2021,258,2021-10-24,統一7-ELEVEn獅,home,0,5,False,,True,5,35,28,7,6,1,0,0,3,0,0,1,3,4,1,1,0
2021,260,2021-10-26,富邦悍將,away,5,7,True,先發,False,0,32,31,5,5,0,0,0,1,0,0,0,0,10,1,1,1
2021,265,2021-10-29,中信兄弟,home,4,0,True,先發,False,2,38,36,8,7,1,0,0,1,0,0,0,1,9,1,3,1
2021,267,2021-10-30,中信兄弟,home,6,5,True,先發,False,6,39,31,7,5,1,0,1,5,0,1,0,2,3,1,0,0
2021,269,2021-10-31,味全龍,home,2,4,True,先發,True,3,39,32,7,6,0,0,1,3,0,3,0,1,4,0,1,0
2021,270,2021-11-02,統一7-ELEVEn獅,home,1,3,True,非先發,True,3,39,37,11,9,1,1,0,2,0,0,0,0,4,4,0,0
2021,272,2021-11-04,中信兄弟,away,6,1,True,先發,True,6,41,34,10,7,3,0,0,7,0,0,0,0,6,2,0,1
2021,274,2021-11-05,中信兄弟,away,3,1,True,先發,True,3,37,36,10,8,0,0,2,1,0,0,0,0,3,0,0,0
2021,279,2021-11-07,統一7-ELEVEn獅,away,1,4,False,,False,1,33,33,6,4,1,0,1,0,0,0,0,0,6,0,2,0
2021,281,2021-11-09,統一7-ELEVEn獅,away,2,4,False,,False,2,36,35,8,7,0,1,0,1,0,0,0,0,6,0,1,0
2021,282,2021-11-10,富邦悍將,home,1,0,False,,False,0,31,29,3,3,0,0,0,2,0,0,0,0,5,0,1,1
2021,285,2021-11-11,富邦悍將,home,4,5,False,,True,7,49,44,17,13,2,1,1,3,0,1,1,0,4,3,1,2
2021,288,2021-11-14,富邦悍將,away,6,3,False,,True,10,47,38,11,9,0,1,1,6,0,2,1,0,5,0,1,0
2021,289,2021-11-16,味全龍,away,3,5,False,,False,3,39,38,13,9,3,0,1,0,0,0,0,1,8,1,0,0
2021,291,2021-11-17,味全龍,away,9,3,False,,True,9,48,38,11,7,3,0,1,9,0,1,0,0,3,1,2,0
2021,296,2021-11-19,中信兄弟,away,4,6,False,,False,2,39,36,11,10,1,0,0,2,0,0,1,0,10,1,1,0
2021,298,2021-11-20,中信兄弟,away,2,7,False,,False,6,48,47,15,12,2,1,0,1,0,0,0,0,8,0,0,0
2021,300,2021-11-21,中信兄弟,away,5,1,False,,True,4,34,32,6,5,1,0,0,2,0,0,0,0,3,1,0,0
2022,6,2022-04-05,中信兄弟,home,2,8,True,先發,True,8,38,34,11,6,3,1,1,4,0,0,0,0,1,1,1,0
2022,8,2022-04-07,富邦悍將,away,5,2,True,先發,True,5,40,36,11,9,1,1,0,2,0,1,0,1,6,2,2,0
2022,10,2022-04-08,統一7-ELEVEn獅,away,6,7,True,先發,False,8,50,44,18,13,4,0,1,4,0,0,1,1,7,0,2,1
2022,12,2022-04-09,中信兄弟,home,3,2,True,先發,False,2,32,30,5,2,2,0,1,2,0,0,0,0,9,0,0,0
2022,14,2022-04-10,中信兄弟,home,8,4,True,先發,False,5,32,28,9,8,0,1,0,2,0,0,2,0,2,3,0,0
2022,15,2022-04-12,統一7-ELEVEn獅,away,7,6,True,先發,True,7,43,38,12,9,2,0,1,4,0,1,0,0,1,2,0,0
2022,17,2022-04-13,統一7-ELEVEn獅,away,4,5,True,先發,False,4,40,32,10,8,1,1,0,4,0,1,2,1,3,1,2,0
2022,20,2022-04-15,味全龍,away,8,2,True,先發,True,8,44,37,14,11,3,0,0,5,0,0,1,1,5,1,0,0
2022,22,2022-04-16,味全龍,away,6,3,True,先發,True,6,42,33,10,8,1,1,0,6,0,0,1,2,8,2,0,1
2022,24,2022-04-17,味全龍,away,3,2,True,先發,True,3,40,34,9,6,3,0,0,4,0,0,0,2,6,0,1,1
2022,27,2022-04-19,富邦悍將,home,1,4,True,先發,True,4,35,29,8,5,3,0,0,3,0,1,1,1,4,0,2,1
2022,29,2022-04-20,統一7-ELEVEn獅,home,0,9,True,先發,True,3,35,32,10,7,2,0,1,2,0,0,0,1,3,2,1,0
2022,31,2022-04-21,統一7-ELEVEn獅,home,3,1,True,先發,False,3,33,30,8,8,0,0,0,2,0,1,0,0,2,1,1,0
2022,32,2022-04-22,統一7-ELEVEn獅,home,6,5,True,先發,False,5,40,34,11,9,1,0,1,3,0,0,3,0,6,1,0,0
2022,36,2022-04-24,中信兄弟,away,3,5,True,先發,False,3,39,36,10,6,3,0,1,2,0,1,0,0,9,1,2,0
2022,39,2022-04-26,富邦悍將,home,1,7,True,先發,True,5,38,31,9,5,4,0,0,5,0,0,0,2,7,0,2,0
2022,41,2022-04-27,富邦悍將,home,7,8,True,先發,True,5,35,34,10,8,2,0,0,0,0,0,1,0,7,0,1,1
2022,43,2022-04-28,統一7-ELEVEn獅,home,0,8,True,先發,True,8,53,49,15,10,2,1,2,1,1,1,0,2,6,1,1,0
2022,46,2022-04-30,中信兄弟,home,4,0,True,先發,False,0,29,29,4,3,1,0,0,0,0,0,0,0,10,0,0,2
2022,48,2022-05-01,味全龍,home,6,4,True,先發,False,10,38,29,7,6,1,0,0,7,1,1,0,1,3,0,4,1
2022,53,2022-05-04,富邦悍將,away,13,6,True,先發,True,1,30,29,3,3,0,0,0,1,0,0,0,0,7,0,1,1
2022,55,2022-05-05,富邦悍將,away,4,1,True,先發,True,7,42,39,14,9,3,1,1,2,0,0,0,1,3,0,0,0
2022,56,2022-05-06,富邦悍將,away,3,1,True,先發,True,3,44,38,9,8,0,0,1,4,1,1,0,1,10,2,0,1
2022,58,2022-05-07,味全龍,away,4,1,True,先發,True,4,38,29,9,5,4,0,0,4,0,1,2,2,1,1,2,1
2022,63,2022-05-10,富邦悍將,home,1,5,True,先發,True,3,32,30,8,5,3,0,0,1,0,0,0,1,8,1,1,0
2022,65,2022-05-11,味全龍,home,4,2,True,先發,False,10,43,34,12,10,2,0,0,6,0,2,0,1,5,1,2,0
2022,67,2022-05-12,味全龍,home,10,3,True,先發,False,3,37,34,9,9,0,0,0,3,0,0,0,0,5,2,1,1
2022,68,2022-05-13,味全龍,home,5,6,True,先發,True,6,46,39,11,10,1,0,0,5,1,0,0,2,5,1,2,0
2022,72,2022-05-15,統一7-ELEVEn獅,away,7,2,False,,True,7,41,40,13,10,0,0,3,1,0,0,0,0,4,2,2,0
2022,75,2022-05-17,統一7-ELEVEn獅,away,7,3,True,非先發,True,1,35,34,11,10,1,0,0,0,0,0,0,1,9,0,0,2
2022,78,2022-05-19,味全龍,away,5,3,False,,True,5,38,34,9,7,2,0,0,2,0,0,0,2,3,1,1,0
2022,81,2022-05-20,富邦悍將,home,10,1,False,,False,6,39,35,10,8,1,0,1,3,0,0,0,1,11,0,0,1
2022,83,2022-05-21,富邦悍將,home,6,7,False,,True,0,36,34,8,6,2,0,0,2,0,0,0,0,6,0,0,1
2022,85,2022-05-22,富邦悍將,home,7,1,False,,False,2,36,32,6,6,0,0,0,2,0,1,1,0,4,0,1,0
2022,87,2022-05-24,中信兄弟,away,3,11,False,,False,3,50,42,10,10,0,0,0,2,0,4,0,2,8,0,1,0
2022,89,2022-05-25,中信兄弟,away,3,8,True,先發,False,3,39,36,10,10,0,0,0,2,0,0,0,1,9,0,1,0
2022,92,2022-05-27,統一7-ELEVEn獅,away,1,2,True,先發,False,1,33,32,6,5,1,0,0,1,0,0,0,0,3,0,0,0
2022,94,2022-05-28,統一7-ELEVEn獅,away,5,8,True,先發,False,8,42,35,12,9,3,0,0,2,0,3,2,0,5,1,0,1
2022,96,2022-05-29,統一7-ELEVEn獅,away,1,3,True,先發,False,3,36,32,6,4,2,0,0,3,0,0,0,1,9,0,1,0
2022,100,2022-06-01,中信兄弟,away,3,2,True,先發,True,0,31,29,4,3,1,0,0,0,0,1,0,1,8,0,0,1
2022,102,2022-06-02,中信兄弟,away,13,6,True,先發,True,4,38,32,7,6,1,0,0,4,0,1,0,1,9,0,0,1
2022,103,2022-06-03,中信兄弟,away,8,2,True,先發,True,8,42,37,10,8,1,1,0,5,0,0,0,0,14,0,0,0
2022,105,2022-06-04,富邦悍將,away,0,2,True,先發,False,0,34,33,7,7,0,0,0,0,0,1,0,0,6,0,0,1
2022,109,2022-06-07,味全龍,home,2,9,False,,True,9,42,37,14,13,1,0,0,3,0,1,0,1,3,0,2,0
2022,111,2022-06-08,味全龍,home,5,3,True,先發,False,3,40,37,11,10,1,0,0,1,0,1,0,1,5,2,0,0
2022,113,2022-06-09,中信兄弟,home,3,4,True,先發,True,4,38,31,8,7,1,0,0,4,0,2,1,0,8,0,0,1
2022,117,2022-06-11,統一7-ELEVEn獅,home,4,2,True,先發,False,2,36,35,9,6,2,0,1,1,0,0,0,0,7,1,1,0
2022,119,2022-06-12,富邦悍將,home,1,3,True,先發,True,8,40,34,14,7,6,1,0,3,0,0,1,2,7,1,0,1
2022,122,2022-06-14,中信兄弟,away,1,2,True,先發,False,5,37,34,12,10,1,0,1,0,0,0,3,0,7,1,0,0
2022,123,2022-06-15,味全龍,away,3,0,True,先發,True,3,36,34,10,10,0,0,0,1,0,0,0,1,2,2,2,0
2022,125,2022-06-16,味全龍,away,1,6,True,先發,False,4,38,35,9,8,1,0,0,2,0,0,0,1,5,2,1,0
2022,131,2022-06-19,富邦悍將,away,5,4,True,先發,True,2,36,32,7,7,0,0,0,2,0,2,0,0,4,2,0,1
2022,132,2022-06-21,富邦悍將,away,7,9,True,先發,False,7,42,40,12,8,3,0,1,2,0,0,0,0,4,0,2,0
2022,135,2022-06-22,統一7-ELEVEn獅,home,3,6,True,先發,True,11,44,40,19,14,5,0,0,2,0,0,1,1,3,1,1,1
2022,138,2022-06-24,味全龍,home,0,2,True,先發,True,2,47,42,7,6,0,0,1,3,0,0,1,1,13,0,0,0
2022,140,2022-06-25,味全龍,home,2,9,True,先發,True,10,30,27,10,6,2,0,2,3,0,0,0,0,3,0,1,0
2022,142,2022-06-26,統一7-ELEVEn獅,home,1,4,True,先發,True,5,42,37,12,11,0,0,1,5,0,0,0,0,7,1,0,1
2022,144,2022-06-28,中信兄弟,home,5,2,True,先發,False,6,50,43,14,10,4,0,0,4,1,0,2,1,8,1,1,0
2022,146,2022-06-29,中信兄弟,home,8,1,True,先發,False,12,44,35,15,11,3,0,1,3,0,2,1,3,7,0,1,0
2022,150,2022-07-03,中信兄弟,away,3,1,True,先發,True,9,41,36,13,9,3,0,1,2,0,0,2,1,7,3,2,0
2022,153,2022-10-22,味全龍,home,5,5,True,先發,False,5,52,47,13,10,3,0,0,4,0,1,0,0,5,2,5,1
2022,155,2022-10-23,中信兄弟,home,8,6,True,先發,False,6,40,39,12,8,3,0,1,1,0,0,0,0,3,0,0,0
2022,160,2022-10-12,統一7-ELEVEn獅,away,3,2,True,先發,True,3,36,32,8,7,1,0,0,2,0,1,0,1,3,1,0,0
2022,162,2022-10-19,統一7-ELEVEn獅,away,6,7,True,先發,False,6,44,32,11,6,4,0,1,7,0,0,3,2,6,0,1,0
2022,164,2022-07-22,統一7-ELEVEn獅,away,1,0,True,先發,True,3,35,33,6,5,0,0,1,2,0,0,0,0,5,1,1,0
2022,166,2022-07-23,中信兄弟,away,4,0,True,先發,True,8,37,36,12,11,0,0,1,0,0,0,0,1,10,0,0,1
2022,169,2022-07-26,統一7-ELEVEn獅,home,1,3,True,先發,True,3,33,32,10,9,1,0,0,1,0,0,0,0,6,2,0,0
2022,171,2022-07-27,統一7-ELEVEn獅,home,3,6,True,先發,True,6,35,29,6,6,0,0,0,4,0,0,1,1,6,2,0,0
2022,173,2022-07-28,富邦悍將,home,10,6,True,先發,False,6,40,38,13,10,1,0,2,1,0,0,1,0,3,1,0,0
2022,176,2022-08-02,富邦悍將,away,4,1,True,先發,True,4,38,35,4,2,1,1,0,3,0,0,0,0,8,1,0,0
2022,179,2022-08-04,統一7-ELEVEn獅,away,4,1,True,先發,True,4,35,31,7,5,2,0,0,2,0,0,1,1,1,2,1,1
2022,182,2022-08-05,味全龍,home,1,3,True,先發,True,3,34,30,9,7,2,0,0,3,0,1,0,0,6,1,0,0
2022,184,2022-08-06,味全龍,home,6,13,True,先發,True,7,34,29,4,1,1,0,2,4,0,1,0,0,5,0,2,0
2022,186,2022-08-07,味全龍,home,3,5,False,,True,3,34,30,9,8,1,0,0,3,0,0,0,1,4,2,1,0
2022,188,2022-08-09,富邦悍將,away,1,2,True,先發,False,5,37,33,6,3,2,0,1,2,0,1,1,0,10,0,0,0
2022,190,2022-08-10,富邦悍將,away,3,4,True,非先發,False,3,35,32,4,2,1,0,1,3,2,0,0,0,11,0,2,0
2022,194,2022-08-12,中信兄弟,away,7,2,True,先發,True,7,43,37,13,10,3,0,0,2,0,1,2,1,5,1,0,0
2022,196,2022-08-13,中信兄弟,away,2,7,True,先發,False,2,31,30,4,2,1,0,1,1,0,0,0,0,5,2,0,0
2022,198,2022-08-14,中信兄弟,away,4,3,True,先發,True,4,36,33,9,8,0,0,1,1,0,2,0,0,8,2,0,0
2022,200,2022-08-16,統一7-ELEVEn獅,home,5,0,True,先發,False,11,48,42,20,17,3,0,0,4,0,1,0,1,10,2,1,0
2022,202,2022-08-17,富邦悍將,home,8,3,True,先發,False,0,32,32,6,5,1,0,0,0,0,0,0,0,8,1,1,0
2022,204,2022-08-18,富邦悍將,home,3,4,True,先發,True,2,50,42,12,10,2,0,0,4,1,0,0,4,8,1,0,0
2022,205,2022-08-19,富邦悍將,home,10,2,True,先發,False,2,37,33,6,4,1,0,1,4,0,0,0,0,5,0,0,0
2022,209,2022-08-21,味全龍,away,3,7,True,先發,False,3,37,34,8,3,3,0,2,3,0,0,0,0,5,1,0,0
2022,212,2022-08-23,富邦悍將,away,3,0,True,先發,True,2,38,36,8,3,5,0,0,2,0,0,0,0,2,1,0,0
2022,215,2022-08-25,中信兄弟,away,6,2,True,先發,True,6,43,36,12,10,1,0,1,6,0,1,0,0,7,3,1,0
2022,218,2022-08-26,統一7-ELEVEn獅,home,3,6,True,先發,True,3,35,30,7,7,0,0,0,5,0,0,0,0,5,1,3,0
2022,220,2022-08-27,統一7-ELEVEn獅,home,3,6,True,先發,True,4,39,37,10,9,0,0,1,1,0,0,1,0,4,0,0,0
2022,222,2022-08-28,統一7-ELEVEn獅,home,11,5,True,先發,False,4,37,33,13,10,2,0,1,3,0,0,0,1,6,0,1,2
2022,223,2022-08-30,味全龍,away,7,3,True,先發,True,7,44,38,12,8,4,0,0,4,0,0,1,1,3,0,1,1
2022,225,2022-08-31,味全龍,away,4,4,True,先發,False,4,29,25,9,4,3,1,1,3,0,0,0,1,2,0,4,1
2022,230,2022-09-02,富邦悍將,away,3,6,True,先發,False,3,34,32,7,6,0,0,1,1,0,0,1,0,10,0,3,1
2022,232,2022-09-03,富邦悍將,away,9,4,True,先發,True,9,47,41,13,13,0,0,0,6,0,0,0,0,7,1,0,0
2022,234,2022-09-04,富邦悍將,away,1,2,True,先發,False,1,33,30,5,5,0,0,0,3,0,0,0,0,8,1,0,0
2022,237,2022-09-07,味全龍,away,4,3,True,先發,True,4,37,34,6,4,1,0,1,3,0,0,0,0,8,0,0,0
2022,239,2022-09-08,味全龍,away,3,2,True,先發,True,3,39,29,5,5,0,0,0,6,0,2,0,2,5,1,0,0
2022,241,2022-09-09,味全龍,away,4,5,True,先發,False,4,38,36,10,7,1,0,2,1,0,0,0,1,9,0,5,0
2022,243,2022-09-10,統一7-ELEVEn獅,away,8,3,True,先發,True,8,43,37,13,8,3,0,2,4,0,0,0,2,5,0,0,1
2022,247,2022-09-13,中信兄弟,home,7,5,True,先發,False,5,39,35,11,8,3,0,0,4,0,0,0,0,7,2,0,0
2022,249,2022-09-14,中信兄弟,home,2,13,True,先發,True,13,46,40,21,17,3,0,1,4,0,0,1,1,6,1,1,1
2022,251,2022-09-15,味全龍,home,2,4,True,非先發,True,4,33,30,7,5,2,0,0,1,0,1,0,1,4,0,0,0
2022,255,2022-09-17,富邦悍將,home,1,6,False,,True,6,39,31,11,8,2,1,0,4,0,0,2,2,1,1,1,0
2022,257,2022-09-18,統一7-ELEVEn獅,home,1,3,False,,True,3,31,30,7,6,0,1,0,1,0,0,0,0,4,1,0,0
2022,260,2022-09-20,統一7-ELEVEn獅,home,2,3,True,非先發,True,5,38,31,7,5,0,1,1,6,0,0,0,1,3,0,2,0
2022,262,2022-09-21,中信兄弟,home,2,9,True,非先發,True,0,36,32,6,5,1,0,0,3,0,1,0,0,3,0,0,1
2022,264,2022-09-22,中信兄弟,home,3,4,True,先發,True,2,36,33,6,5,1,0,0,3,0,0,0,0,3,1,0,0
2022,265,2022-09-23,中信兄弟,home,9,7,True,非先發,False,7,46,37,15,11,4,0,0,5,0,1,2,1,3,0,0,1
2022,269,2022-09-25,富邦悍將,away,8,2,False,,True,8,46,37,13,12,1,0,0,6,0,0,2,1,8,0,0,0
2022,271,2022-09-27,富邦悍將,home,3,2,True,先發,False,2,36,32,6,5,0,0,1,4,0,0,0,0,10,0,0,1
2022,274,2022-09-28,中信兄弟,away,2,3,True,先發,False,2,34,30,6,3,2,0,1,2,0,0,1,1,3,0,0,1
2022,275,2022-09-29,中信兄弟,away,11,7,True,先發,True,3,36,35,8,4,3,0,1,1,0,0,0,0,10,0,0,0
2022,281,2022-10-02,統一7-ELEVEn獅,away,6,0,True,先發,True,1,35,32,5,3,1,0,1,2,0,1,0,0,9,0,1,0
2022,282,2022-10-04,味全龍,home,5,2,True,先發,False,2,34,32,6,5,1,0,0,2,1,0,0,0,11,0,2,1
2022,287,2022-10-07,味全龍,away,1,6,True,先發,False,1,33,28,3,2,1,0,0,3,0,1,0,1,3,0,0,1
2022,289,2022-10-08,味全龍,away,10,5,True,先發,True,10,43,37,15,11,2,0,2,4,0,0,0,2,8,2,1,1
2022,292,2022-10-09,中信兄弟,home,0,2,True,先發,True,4,42,37,11,9,2,0,0,3,0,1,1,0,6,0,0,0
2022,294,2022-10-10,中信兄弟,home,0,3,True,先發,True,2,35,32,6,5,1,0,0,2,0,0,1,0,5,1,1,0
2022,295,2022-10-11,統一7-ELEVEn獅,away,3,1,True,先發,True,3,40,30,7,5,1,0,1,7,0,1,1,1,6,1,4,0
2022,298,2022-10-14,味全龍,home,4,2,True,先發,False,9,44,36,13,9,4,0,0,5,0,0,1,1,5,0,2,0
2022,299,2022-10-15,富邦悍將,home,4,4,True,先發,False,2,35,31,8,8,0,0,0,2,0,0,2,0,3,2,0,0
2023,1,2023-04-01,中信兄弟,away,4,1,True,先發,True,4,36,33,9,7,0,0,2,2,0,0,0,1,5,1,0,0
2023,3,2023-04-02,富邦悍將,home,7,5,True,先發,False,3,45,41,10,8,2,0,0,3,0,0,0,1,7,0,0,1
2023,7,2023-04-04,富邦悍將,away,0,1,True,先發,False,10,47,42,16,12,3,1,0,3,0,1,1,0,4,0,0,1
2023,9,2023-04-05,富邦悍將,away,1,3,True,先發,False,5,38,33,9,8,1,0,0,3,0,1,1,0,5,2,0,0
2023,11,2023-04-07,富邦悍將,away,4,6,True,先發,False,4,43,36,12,10,2,0,0,5,2,0,0,2,11,1,0,0
2023,13,2023-04-08,統一7-ELEVEn獅,away,1,7,True,先發,False,3,41,35,8,5,2,0,1,5,0,0,1,0,10,1,0,0
2023,19,2023-04-13,富邦悍將,away,9,3,True,先發,True,9,45,42,14,9,4,0,1,3,0,0,0,0,10,0,1,0
2023,21,2023-04-14,味全龍,home,8,3,True,先發,False,3,35,33,10,9,1,0,0,1,0,0,1,0,3,3,0,0
2023,23,2023-04-15,味全龍,home,5,4,True,先發,False,4,40,37,14,12,2,0,0,1,0,0,1,1,11,0,0,1
2023,25,2023-04-16,味全龍,home,4,0,True,先發,False,0,36,30,5,4,1,0,0,6,0,0,0,0,7,2,2,0
2023,28,2023-04-18,中信兄弟,away,10,3,True,先發,True,9,43,39,15,6,6,0,3,2,0,0,2,0,1,1,0,0
2023,30,2023-04-19,中信兄弟,away,8,1,False,,True,8,41,37,10,7,1,1,1,3,0,0,1,0,7,1,1,0
2023,34,2023-04-21,統一7-ELEVEn獅,away,2,3,True,先發,False,2,36,36,9,7,2,0,0,0,0,0,0,0,6,0,0,0
2023,36,2023-04-22,統一7-ELEVEn獅,away,3,3,True,先發,False,7,41,38,14,12,1,0,1,2,0,1,0,0,9,2,1,0
2023,38,2023-04-23,統一7-ELEVEn獅,away,7,2,True,先發,True,7,39,32,10,9,1,0,0,2,0,1,2,2,3,0,1,1
2023,40,2023-04-25,富邦悍將,home,7,3,True,先發,False,3,37,33,10,7,2,0,1,1,0,2,0,1,5,0,0,0
2023,42,2023-04-26,中信兄弟,home,1,2,False,,True,6,43,36,11,11,0,0,0,5,0,2,0,0,7,3,0,0
2023,44,2023-04-27,中信兄弟,home,2,9,False,,True,6,37,35,12,5,5,0,2,2,0,0,0,0,6,1,0,0
2023,46,2023-04-28,中信兄弟,home,1,3,False,,True,7,37,31,8,7,1,0,0,2,0,1,1,2,4,0,0,0
2023,50,2023-04-30,味全龍,away,7,0,False,,True,8,46,39,17,13,3,1,0,5,0,0,0,2,4,2,1,1
2023,51,2023-05-02,富邦悍將,home,8,1,False,,False,1,32,32,9,6,3,0,0,0,0,0,0,0,4,4,0,0
2023,53,2023-05-03,富邦悍將,home,1,2,False,,True,2,32,29,5,3,1,0,1,2,0,0,0,1,4,0,0,0
2023,55,2023-05-04,中信兄弟,home,6,11,False,,True,11,43,38,15,9,2,0,4,2,0,2,0,1,4,1,0,0
2023,60,2023-05-06,味全龍,home,4,3,False,,False,5,39,34,9,6,3,0,0,3,0,1,1,0,9,1,4,2
2023,62,2023-05-07,統一7-ELEVEn獅,home,6,3,False,,False,3,35,32,5,3,1,1,0,3,0,0,0,0,7,0,1,0
2023,65,2023-05-10,味全龍,away,3,4,False,,False,3,35,31,9,6,3,0,0,3,0,0,1,0,8,2,1,2
2023,67,2023-05-11,味全龍,away,1,3,False,,False,1,33,32,6,4,2,0,0,1,0,0,0,0,4,2,1,0
2023,69,2023-05-12,味全龍,away,6,3,False,,True,6,40,33,7,1,5,0,1,4,0,3,0,0,10,0,1,1
2023,71,2023-05-13,富邦悍將,away,4,2,False,,True,4,34,31,5,4,0,0,1,3,0,0,0,0,13,1,0,0
2023,75,2023-05-16,統一7-ELEVEn獅,home,2,4,False,,True,4,34,30,8,7,1,0,0,1,0,0,0,3,2,1,0,0
2023,77,2023-05-17,統一7-ELEVEn獅,home,0,1,True,先發,True,1,29,29,6,4,1,1,0,0,0,0,0,0,3,1,0,0
2023,79,2023-05-18,味全龍,home,3,9,True,先發,True,9,38,29,7,5,1,0,1,6,0,1,1,1,8,0,1,0
2023,84,2023-05-20,中信兄弟,home,3,2,True,先發,False,3,42,34,10,10,0,0,0,6,1,1,0,1,6,3,1,0
2023,86,2023-05-21,富邦悍將,home,6,7,True,先發,True,0,33,30,6,6,0,0,0,2,0,1,0,0,6,1,0,1
2023,89,2023-05-24,統一7-ELEVEn獅,home,6,2,True,先發,False,1,43,40,7,4,2,1,0,2,0,0,0,1,8,0,0,0
2023,91,2023-05-25,統一7-ELEVEn獅,home,5,4,True,先發,False,4,39,35,10,6,3,0,1,2,0,1,1,0,6,0,0,0
2023,93,2023-05-26,統一7-ELEVEn獅,home,2,11,True,先發,True,0,31,31,5,4,1,0,0,0,0,0,0,0,6,1,0,0
2023,97,2023-05-28,中信兄弟,away,0,8,True,先發,False,2,35,35,10,7,2,0,1,0,0,0,0,0,8,1,0,1
2023,99,2023-05-30,中信兄弟,away,5,6,True,先發,False,9,53,47,16,11,3,0,2,5,1,0,0,1,7,2,3,0
2023,102,2023-06-01,統一7-ELEVEn獅,away,3,10,True,先發,False,3,36,34,8,6,1,0,1,2,0,0,0,0,10,1,1,0
2023,104,2023-06-02,富邦悍將,home,7,5,True,先發,False,5,38,35,9,3,6,0,0,2,0,0,0,1,1,2,0,0
2023,106,2023-06-03,富邦悍將,home,2,8,False,,True,8,41,37,16,11,5,0,0,3,0,0,1,0,6,0,2,1
2023,108,2023-06-04,富邦悍將,home,10,7,False,,False,7,39,35,8,4,1,1,2,2,0,1,1,0,7,0,2,0
2023,110,2023-06-06,味全龍,away,2,1,False,,True,2,38,32,7,5,2,0,0,3,0,1,0,2,4,0,0,1
2023,112,2023-06-07,味全龍,away,4,7,False,,False,4,36,33,7,5,1,0,1,3,0,0,0,0,5,1,1,0
2023,116,2023-06-09,中信兄弟,away,5,6,False,,False,5,48,38,10,7,2,0,1,7,0,0,3,0,7,2,0,0
2023,118,2023-06-10,中信兄弟,away,0,7,False,,False,0,35,32,6,5,1,0,0,2,0,1,0,0,8,0,0,0
2023,120,2023-06-11,中信兄弟,away,3,9,False,,False,3,37,37,10,8,1,0,1,0,0,0,0,0,5,0,0,0
2023,123,2023-06-13,富邦悍將,away,2,6,False,,False,7,41,37,11,5,3,0,3,2,0,0,1,1,3,1,0,0
2023,124,2023-06-14,味全龍,home,2,5,False,,True,5,36,31,6,4,2,0,0,3,0,2,0,0,5,0,1,0
2023,126,2023-06-15,味全龍,home,8,1,False,,False,1,37,35,9,8,1,0,0,0,0,2,0,0,5,0,0,0
2023,127,2023-06-16,中信兄弟,home,0,6,False,,True,6,38,34,12,10,2,0,0,3,0,0,1,0,3,1,0,0
2023,129,2023-06-17,中信兄弟,home,2,2,False,,False,2,46,40,7,7,0,0,0,4,0,0,0,2,15,0,0,1
2023,133,2023-06-20,統一7-ELEVEn獅,away,6,2,False,,True,4,40,37,10,5,2,0,3,3,0,0,0,0,4,3,0,0
2023,136,2023-06-22,統一7-ELEVEn獅,home,10,1,False,,False,1,32,31,6,4,2,0,0,1,0,0,0,0,5,2,0,0
2023,138,2023-06-23,味全龍,away,5,7,False,,False,5,39,36,11,9,2,0,0,2,0,1,0,0,7,2,2,0
2023,140,2023-06-24,味全龍,away,4,0,False,,True,4,44,38,10,8,2,0,0,6,0,0,0,0,11,0,1,0
2023,143,2023-06-25,統一7-ELEVEn獅,home,7,11,False,,True,6,49,43,18,18,0,0,0,5,0,1,0,0,4,3,1,0
2023,145,2023-06-27,統一7-ELEVEn獅,away,9,3,False,,True,4,51,45,11,9,0,1,1,5,0,0,0,1,4,1,0,0
2023,149,2023-07-01,富邦悍將,away,6,3,False,,True,6,50,45,15,13,1,0,1,3,0,1,0,1,9,1,0,1
2023,151,2023-07-14,中信兄弟,away,9,2,True,先發,True,9,44,38,13,10,3,0,0,2,0,1,1,2,4,0,0,0
2023,153,2023-07-15,味全龍,away,2,5,True,先發,False,2,32,30,4,2,1,0,1,2,0,0,0,0,10,1,1,0
2023,158,2023-07-18,富邦悍將,away,6,0,True,先發,True,1,36,31,4,2,1,1,0,4,0,1,0,0,12,0,0,0
2023,161,2023-07-20,中信兄弟,away,4,6,True,先發,False,4,36,34,10,7,2,0,1,2,0,0,0,0,8,3,0,0
2023,164,2023-07-21,統一7-ELEVEn獅,home,4,3,False,,False,8,43,36,13,11,1,1,0,5,0,0,1,1,4,1,0,0
2023,166,2023-07-22,統一7-ELEVEn獅,home,5,3,False,,False,10,42,39,16,11,2,0,3,1,0,1,1,0,5,1,0,0
2023,168,2023-07-23,統一7-ELEVEn獅,home,4,3,True,非先發,False,4,42,34,8,6,1,0,1,6,0,1,0,1,4,0,0,0
2023,172,2023-07-26,中信兄弟,away,3,4,True,先發,False,3,37,31,7,5,2,0,0,6,0,0,0,0,9,3,1,0
2023,174,2023-07-27,中信兄弟,away,3,4,True,先發,False,3,42,41,10,6,2,0,2,0,0,1,0,0,9,2,0,0
2023,176,2023-08-01,富邦悍將,away,14,6,True,先發,True,14,47,37,15,10,2,2,1,4,0,3,2,1,5,1,1,0
2023,177,2023-08-02,富邦悍將,away,10,3,True,先發,True,10,44,36,13,10,2,0,1,4,0,1,0,3,6,1,0,0
2023,181,2023-08-04,味全龍,away,5,1,True,先發,True,5,37,33,8,7,0,0,1,3,0,0,0,1,6,1,0,0
2023,183,2023-08-05,味全龍,away,8,4,True,先發,True,8,40,38,11,6,4,0,1,1,0,0,1,0,8,0,1,0
2023,185,2023-08-06,味全龍,away,3,4,True,先發,False,3,36,33,8,5,1,0,2,2,0,0,0,1,10,1,1,0
2023,188,2023-08-08,中信兄弟,home,1,3,False,,True,3,40,38,12,10,2,0,0,1,0,0,0,1,6,0,0,0
2023,190,2023-08-09,富邦悍將,home,1,4,True,先發,True,5,35,32,10,7,0,0,3,2,0,1,0,0,3,2,1,0
2023,192,2023-08-10,富邦悍將,home,3,8,True,先發,True,8,36,34,12,6,4,0,2,2,0,0,0,0,3,0,0,0
2023,194,2023-08-11,富邦悍將,home,2,5,False,,True,5,38,37,14,12,2,0,0,1,0,0,0,0,4,0,1,0
2023,198,2023-08-13,統一7-ELEVEn獅,away,3,5,True,先發,False,0,31,29,4,3,1,0,0,2,0,0,0,0,6,2,0,0
2023,200,2023-08-15,中信兄弟,home,1,2,True,先發,True,11,43,37,14,10,3,0,1,5,0,0,1,0,5,0,2,0
2023,202,2023-08-16,中信兄弟,home,7,13,True,先發,True,3,33,29,7,5,1,1,0,3,0,1,0,0,5,2,0,0
2023,204,2023-08-17,富邦悍將,home,7,3,True,先發,False,3,37,31,5,4,0,1,0,4,0,2,0,0,8,1,0,0
2023,207,2023-08-19,統一7-ELEVEn獅,home,10,6,True,先發,False,6,42,38,12,9,2,1,0,4,0,0,0,0,14,1,1,0
2023,209,2023-08-20,味全龍,home,4,0,True,先發,False,0,32,28,2,2,0,0,0,3,0,1,0,0,3,2,1,1
2023,214,2023-08-23,統一7-ELEVEn獅,away,0,1,True,先發,False,9,46,38,15,9,4,0,2,5,0,2,1,0,9,1,2,1
2023,216,2023-08-24,統一7-ELEVEn獅,away,0,7,True,先發,False,11,45,37,13,8,2,0,3,6,0,0,1,1,7,0,0,0
2023,218,2023-08-25,統一7-ELEVEn獅,away,4,0,True,先發,True,1,34,32,8,8,0,0,0,0,0,1,0,1,5,2,1,0
2023,220,2023-08-26,中信兄弟,away,11,6,True,先發,True,11,48,42,18,12,4,1,1,5,0,0,1,0,6,1,1,0
2023,223,2023-08-29,味全龍,home,5,6,True,先發,True,6,38,34,9,8,1,0,0,3,1,1,0,0,6,1,1,0
2023,225,2023-08-30,味全龍,home,2,5,True,先發,True,5,39,31,8,6,2,0,0,7,0,0,1,0,4,0,1,0
2023,227,2023-08-31,統一7-ELEVEn獅,home,7,8,True,先發,True,8,40,34,12,7,5,0,0,6,1,0,0,0,5,1,0,0
2023,232,2023-09-02,富邦悍將,home,4,1,True,先發,False,10,43,36,14,8,4,0,2,6,0,0,1,0,2,1,0,1
2023,234,2023-09-03,中信兄弟,home,9,11,True,先發,True,11,44,33,12,9,3,0,0,7,0,1,1,2,7,2,0,0
2023,236,2023-09-05,中信兄弟,home,4,1,True,先發,False,5,34,32,6,4,0,1,1,2,0,0,0,0,12,0,0,0
2023,238,2023-09-06,味全龍,home,1,7,False,,True,7,36,30,8,6,2,0,0,3,0,2,0,1,7,0,0,0
2023,240,2023-09-07,味全龍,home,1,6,True,先發,True,3,40,36,9,6,3,0,0,3,0,1,0,0,3,1,0,0
2023,242,2023-09-08,味全龍,home,1,2,False,,True,2,36,32,7,7,0,0,0,3,0,1,0,0,8,2,1,1
2023,246,2023-09-10,富邦悍將,away,5,1,True,先發,True,7,39,37,12,10,2,0,0,2,0,0,0,0,1,0,0,0
2023,248,2023-09-12,富邦悍將,away,2,1,False,,True,1,44,38,3,3,0,0,0,3,0,1,0,2,9,0,0,0
2023,251,2023-09-14,味全龍,away,1,3,False,,False,1,31,30,5,4,1,0,0,1,0,0,0,0,8,1,0,1
2023,253,2023-09-15,中信兄弟,home,5,3,False,,False,3,43,39,12,8,3,0,1,4,2,0,0,0,7,1,1,1
2023,255,2023-09-16,中信兄弟,home,9,4,False,,False,4,37,35,7,4,2,1,0,2,0,0,0,0,8,0,0,0
2023,257,2023-09-17,中信兄弟,home,3,4,False,,True,4,34,31,8,4,4,0,0,3,0,0,0,0,8,1,0,1
2023,260,2023-09-19,統一7-ELEVEn獅,away,4,5,False,,False,11,48,37,14,11,2,0,1,7,0,0,2,2,5,1,0,0
2023,262,2023-09-20,統一7-ELEVEn獅,away,3,2,False,,True,2,41,36,11,10,0,0,1,5,0,0,0,0,4,1,0,0
2023,266,2023-09-22,富邦悍將,away,3,1,False,,True,4,40,36,12,12,0,0,0,1,0,1,0,2,6,0,0,1
2023,268,2023-09-23,富邦悍將,away,1,4,False,,False,4,39,37,11,9,2,0,0,2,0,0,0,0,6,0,0,0
2023,270,2023-09-24,富邦悍將,away,3,0,False,,True,1,38,32,7,5,2,0,0,5,0,0,0,1,5,2,1,0
2023,272,2023-09-26,中信兄弟,away,0,1,False,,False,5,38,34,7,3,1,0,3,4,0,0,0,0,7,0,0,0
2023,275,2023-09-28,統一7-ELEVEn獅,home,6,1,False,,False,6,37,33,11,9,1,0,1,3,0,0,0,1,2,1,1,0
2023,277,2023-09-29,統一7-ELEVEn獅,home,6,9,False,,True,0,34,34,11,11,0,0,0,0,0,0,0,0,2,3,0,1
2023,278,2023-09-30,中信兄弟,away,5,4,False,,True,5,38,31,6,3,1,0,2,4,0,2,1,0,8,0,0,0
2023,280,2023-10-01,統一7-ELEVEn獅,away,0,4,False,,False,0,31,29,4,4,0,0,0,2,0,0,0,0,4,1,0,1
2023,282,2023-10-03,味全龍,away,2,7,False,,False,2,37,35,7,6,0,1,0,2,0,0,0,0,7,0,1,0
2023,284,2023-10-04,味全龍,away,4,2,True,先發,True,4,37,30,10,9,1,0,0,5,0,0,1,1,6,1,1,3
2023,288,2023-10-06,味全龍,home,2,4,False,,True,4,36,33,12,10,2,0,0,0,0,1,1,1,6,1,0,0
2023,290,2023-10-07,味全龍,home,8,5,True,非先發,False,5,37,32,8,6,0,1,1,2,0,0,3,0,7,1,0,0
2023,292,2023-10-08,富邦悍將,home,5,5,False,,False,2,36,31,8,8,0,0,0,3,1,1,0,1,9,1,1,0
2023,294,2023-10-09,富邦悍將,home,0,4,True,先發,True,5,37,31,11,8,2,0,1,4,0,0,2,0,2,0,0,0
2023,296,2023-10-10,統一7-ELEVEn獅,away,9,4,True,先發,True,13,44,36,13,6,2,0,5,6,0,0,1,1,4,2,1,0
2024,1,2024-03-30,味全龍,away,2,3,True,先發,False,2,35,30,6,4,2,0,0,4,0,0,0,1,11,2,0,0
2024,3,2024-03-31,台鋼雄鷹,home,6,1,True,先發,False,1,33,31,5,3,2,0,0,2,0,0,0,0,5,1,2,0
2024,5,2024-04-03,味全龍,home,2,1,True,先發,False,1,36,34,10,7,3,0,0,0,0,1,0,1,5,1,0,1
2024,8,2024-04-04,味全龍,home,3,4,True,先發,True,4,32,29,6,4,0,1,1,3,0,0,0,0,8,1,0,0
2024,11,2024-04-05,中信兄弟,home,7,1,True,先發,False,1,34,30,4,3,0,0,1,4,0,0,0,0,15,1,0,0
2024,14,2024-04-06,中信兄弟,home,8,9,True,先發,True,9,43,37,15,9,6,0,0,6,1,0,0,0,5,2,0,0
2024,17,2024-04-07,中信兄弟,home,8,11,True,先發,True,11,41,36,12,7,3,1,1,2,0,2,0,1,9,0,1,0
2024,21,2024-04-09,台鋼雄鷹,away,1,5,True,先發,False,5,36,36,9,5,4,0,0,0,0,0,0,0,7,1,1,0
2024,23,2024-04-10,台鋼雄鷹,away,14,7,False,,True,3,34,31,7,6,1,0,0,0,0,0,2,1,9,1,1,0
2024,28,2024-04-12,富邦悍將,away,5,9,False,,False,4,39,34,11,11,0,0,0,4,0,0,1,0,17,0,2,2
2024,31,2024-04-13,富邦悍將,away,2,10,False,,False,8,43,32,12,8,2,1,1,5,1,1,2,3,3,2,1,0
2024,34,2024-04-14,富邦悍將,away,3,4,False,,False,0,37,32,6,5,1,0,0,5,0,0,0,0,6,1,0,0
2024,36,2024-04-16,統一7-ELEVEn獅,home,1,0,False,,False,1,38,33,6,4,2,0,0,5,0,0,0,0,7,1,0,0
2024,38,2024-04-17,統一7-ELEVEn獅,home,12,3,False,,False,0,36,34,7,7,0,0,0,2,0,0,0,0,12,0,1,0
2024,42,2024-04-19,味全龍,away,3,2,False,,True,3,37,33,7,5,1,0,1,2,0,0,0,2,6,0,1,0
2024,45,2024-04-20,味全龍,away,0,3,False,,False,2,49,42,8,7,0,0,1,5,1,1,0,1,13,2,2,0
2024,48,2024-04-21,味全龍,away,8,0,False,,True,4,34,34,7,3,2,0,2,0,0,0,0,0,5,1,1,0
2024,50,2024-04-23,中信兄弟,away,6,2,False,,True,6,38,35,12,9,3,0,0,0,0,0,1,2,4,1,1,0
2024,53,2024-04-24,中信兄弟,away,2,1,True,先發,True,2,35,33,8,7,1,0,0,2,0,0,0,0,5,1,0,1
2024,57,2024-04-26,台鋼雄鷹,home,3,4,True,先發,True,4,41,35,14,13,1,0,0,2,0,0,1,3,6,0,2,0
2024,60,2024-04-27,台鋼雄鷹,home,6,7,False,,True,1,30,26,6,5,1,0,0,1,0,0,1,2,4,0,0,1
2024,63,2024-04-28,台鋼雄鷹,home,4,2,False,,False,5,36,29,8,7,1,0,0,5,0,0,1,1,7,0,1,1
2024,68,2024-05-01,富邦悍將,home,5,3,True,先發,False,10,44,37,15,14,1,0,0,6,0,1,0,0,1,1,0,1
2024,69,2024-05-02,富邦悍將,home,1,2,False,,True,2,34,32,8,6,2,0,0,2,0,0,0,0,10,0,0,0
2024,72,2024-05-03,統一7-ELEVEn獅,away,5,1,False,,True,3,37,36,9,7,2,0,0,0,0,0,1,0,10,0,0,0
2024,75,2024-05-04,統一7-ELEVEn獅,away,2,3,False,,False,3,34,30,6,4,1,0,1,2,0,0,1,1,6,0,0,0
2024,78,2024-05-05,統一7-ELEVEn獅,away,0,7,False,,False,3,38,33,7,7,0,0,0,4,0,1,0,0,5,0,1,0
2024,81,2024-05-08,味全龍,away,13,5,False,,True,0,33,30,4,3,1,0,0,3,0,0,0,0,5,1,0,0
2024,86,2024-05-10,統一7-ELEVEn獅,home,5,3,False,,False,5,36,32,10,7,0,2,1,2,0,0,1,1,6,0,1,0
2024,89,2024-05-11,統一7-ELEVEn獅,home,1,5,False,,True,4,41,37,8,6,0,1,1,3,0,0,1,0,7,0,1,0
2024,92,2024-05-12,統一7-ELEVEn獅,home,3,4,False,,True,5,36,34,11,7,4,0,0,1,0,0,0,1,3,0,1,0
2024,94,2024-05-14,台鋼雄鷹,home,2,9,False,,True,5,36,32,11,9,1,0,1,2,0,0,1,1,1,1,0,0
2024,96,2024-05-15,台鋼雄鷹,home,5,2,False,,False,0,36,35,8,7,1,0,0,1,0,0,0,0,11,1,1,0
2024,98,2024-05-17,中信兄弟,away,4,8,False,,False,4,47,41,15,15,0,0,0,4,0,0,1,0,6,1,2,0
2024,101,2024-05-18,中信兄弟,away,1,12,False,,False,1,37,33,7,7,0,0,0,3,0,1,0,0,5,1,0,0
2024,104,2024-05-19,中信兄弟,away,4,3,False,,True,4,38,35,8,4,2,1,1,2,0,1,0,0,3,0,0,0
2024,107,2024-05-21,富邦悍將,away,1,2,True,先發,False,1,35,33,7,5,2,0,0,2,0,0,0,0,7,1,1,0
2024,109,2024-05-22,富邦悍將,away,4,3,False,,True,4,36,35,11,10,1,0,0,0,0,0,0,1,7,1,0,1
2024,114,2024-05-24,味全龍,home,3,4,False,,True,4,34,32,6,4,0,0,2,2,0,0,0,0,5,1,0,0
2024,117,2024-05-25,味全龍,home,3,2,False,,False,4,37,29,11,11,0,0,0,2,0,1,1,4,3,1,0,0
2024,120,2024-05-26,味全龍,home,0,2,True,先發,True,5,35,33,10,8,1,0,1,0,0,0,0,2,4,0,1,0
2024,123,2024-05-28,統一7-ELEVEn獅,away,5,6,True,先發,False,4,40,37,11,7,3,0,1,3,1,0,0,0,8,2,0,0
2024,125,2024-05-29,統一7-ELEVEn獅,away,6,0,True,先發,True,5,39,34,8,7,0,1,0,4,0,0,0,1,3,0,0,0
2024,129,2024-05-31,台鋼雄鷹,away,4,3,False,,True,2,35,34,7,6,1,0,0,0,0,1,0,0,2,0,1,0
2024,132,2024-06-01,台鋼雄鷹,away,7,3,True,先發,True,9,47,41,15,9,5,0,1,3,0,1,0,2,6,1,1,0
2024,135,2024-06-02,台鋼雄鷹,away,7,3,True,先發,True,7,42,38,11,7,3,0,1,3,0,1,0,0,5,0,0,0
2024,137,2024-06-04,中信兄弟,home,5,0,True,先發,False,0,34,31,5,4,1,0,0,3,0,0,0,0,6,0,0,1
2024,140,2024-06-05,中信兄弟,home,1,4,True,先發,True,4,34,32,10,7,1,1,1,1,0,1,0,0,3,1,1,1
2024,143,2024-06-07,富邦悍將,home,1,3,True,先發,True,3,32,29,8,8,0,0,0,2,0,1,0,0,5,1,1,1
2024,146,2024-06-08,富邦悍將,home,7,1,True,先發,False,1,33,31,4,2,2,0,0,2,0,0,0,0,4,0,0,0
2024,149,2024-06-09,富邦悍將,home,7,2,True,先發,False,2,36,35,8,6,1,1,0,0,0,1,0,0,1,0,0,0
2024,153,2024-06-10,統一7-ELEVEn獅,away,2,3,True,先發,False,5,41,33,7,7,0,0,0,6,0,1,0,1,5,1,3,0
2024,156,2024-06-13,中信兄弟,away,2,5,True,先發,False,3,36,33,7,5,1,1,0,2,0,0,0,1,5,0,0,1
2024,159,2024-06-14,中信兄弟,away,3,9,True,先發,False,2,32,31,5,5,0,0,0,1,0,0,0,0,7,1,0,0
2024,161,2024-06-15,味全龍,away,5,2,True,先發,True,5,38,34,8,4,1,1,2,3,0,0,0,1,10,0,0,0
2024,164,2024-06-16,味全龍,away,0,8,True,先發,False,0,31,26,2,2,0,0,0,4,0,0,0,1,4,2,0,0
2024,168,2024-06-18,統一7-ELEVEn獅,home,9,2,True,先發,False,5,37,36,12,7,3,0,2,1,0,0,0,0,6,0,0,0
2024,174,2024-06-21,台鋼雄鷹,home,11,4,True,先發,False,7,34,30,9,6,0,0,3,2,0,2,0,0,5,3,0,0
2024,177,2024-06-22,富邦悍將,home,2,1,True,先發,False,7,37,35,11,8,1,1,1,2,0,0,0,0,5,0,1,0
2024,180,2024-06-23,富邦悍將,home,10,2,True,先發,False,4,33,27,7,5,2,0,0,2,0,1,0,3,2,0,1,1
2024,183,2024-07-05,富邦悍將,home,11,5,True,先發,False,6,43,35,11,7,3,1,0,4,0,2,2,0,4,1,0,0
2024,186,2024-07-06,富邦悍將,home,3,2,True,先發,False,10,44,41,19,14,4,0,1,1,0,1,0,1,6,2,1,0
2024,189,2024-07-07,富邦悍將,home,2,1,True,先發,False,5,42,36,13,10,1,1,1,4,0,0,1,1,8,1,2,0
2024,190,2024-07-09,中信兄弟,away,5,2,True,先發,True,5,45,37,13,12,1,0,0,6,0,1,0,1,7,1,0,0
2024,193,2024-07-10,中信兄弟,away,1,11,True,先發,False,1,30,28,3,3,0,0,0,1,0,0,0,1,4,1,0,0
2024,198,2024-07-12,台鋼雄鷹,away,7,4,True,先發,True,7,44,38,16,13,2,1,0,3,0,1,0,2,8,0,4,1
2024,201,2024-07-13,台鋼雄鷹,away,0,11,True,先發,False,5,41,38,12,11,0,1,0,2,1,0,0,1,8,0,1,1
2024,204,2024-07-14,台鋼雄鷹,away,1,0,True,先發,True,4,36,31,4,3,1,0,0,4,0,0,1,0,2,1,1,0
2024,209,2024-07-17,味全龍,home,9,4,True,先發,False,13,45,41,20,16,2,1,1,3,0,1,0,0,4,1,3,0
2024,210,2024-07-18,味全龍,home,4,1,True,先發,False,1,36,35,9,7,2,0,0,0,0,0,1,0,6,0,1,0
2024,211,2024-07-23,統一7-ELEVEn獅,home,5,6,True,先發,True,6,38,36,10,6,2,1,1,1,0,0,1,0,9,0,1,0
2024,213,2024-07-24,統一7-ELEVEn獅,home,0,6,True,先發,True,6,41,36,15,15,0,0,0,4,0,0,1,0,5,3,1,0
2024,217,2024-07-26,中信兄弟,home,5,4,True,先發,False,4,49,39,11,10,1,0,0,6,0,1,1,2,8,1,0,0
2024,220,2024-07-27,中信兄弟,home,3,1,True,先發,False,1,34,32,6,4,1,1,0,2,0,0,0,0,6,0,0,1
2024,223,2024-07-28,中信兄弟,home,4,5,True,先發,True,5,37,30,8,4,1,1,2,3,0,1,1,2,3,0,0,0
2024,230,2024-07-31,富邦悍將,away,4,8,True,先發,False,6,43,40,15,13,1,0,1,3,0,0,0,0,1,1,1,1
2024,231,2024-08-01,富邦悍將,away,3,2,True,先發,True,3,35,32,7,4,1,0,2,1,0,1,1,0,7,1,0,0
2024,233,2024-08-02,味全龍,away,5,0,True,先發,True,3,38,35,9,7,1,0,1,3,0,0,0,0,11,0,0,0
2024,236,2024-08-03,味全龍,away,3,11,True,先發,False,2,34,30,7,4,2,0,1,1,0,1,1,1,4,1,0,1
2024,239,2024-08-04,味全龍,away,1,4,True,先發,False,3,34,32,6,4,1,0,1,1,0,0,1,0,6,0,1,0
2024,242,2024-08-06,台鋼雄鷹,home,2,5,True,先發,True,6,41,35,8,4,3,0,1,5,1,1,0,0,9,1,0,0
2024,244,2024-08-07,台鋼雄鷹,home,2,0,True,先發,False,9,36,35,14,8,6,0,0,1,0,0,0,0,2,0,0,1
2024,247,2024-08-09,統一7-ELEVEn獅,away,1,3,True,先發,False,1,33,30,6,5,1,0,0,2,0,1,0,0,11,1,1,1
2024,250,2024-08-10,統一7-ELEVEn獅,away,3,5,True,先發,False,3,40,37,11,9,1,0,1,2,0,1,0,0,6,1,0,0
2024,254,2024-08-11,統一7-ELEVEn獅,away,1,2,False,,False,3,35,29,6,3,2,0,1,2,0,1,1,2,8,1,0,0
2024,257,2024-08-13,台鋼雄鷹,away,7,1,False,,True,1,32,27,2,1,0,0,1,5,0,0,0,0,8,2,0,0
2024,259,2024-08-14,台鋼雄鷹,away,3,5,False,,False,3,38,33,8,8,0,0,0,4,0,0,1,0,3,0,0,1
2024,264,2024-08-16,統一7-ELEVEn獅,home,3,5,False,,True,5,31,30,7,5,0,0,2,0,0,0,0,1,9,0,0,0
2024,267,2024-08-17,統一7-ELEVEn獅,home,3,5,True,非先發,True,4,38,34,10,6,4,0,0,3,0,1,0,0,4,0,0,0
2024,270,2024-08-18,統一7-ELEVEn獅,home,4,7,True,非先發,True,4,33,29,8,7,0,1,0,1,0,2,0,1,5,1,1,1
2024,275,2024-08-21,味全龍,away,11,4,False,,True,6,44,39,14,13,1,0,0,4,0,0,1,0,9,0,2,0
2024,276,2024-08-22,味全龍,away,1,6,True,非先發,False,8,44,38,13,10,2,0,1,4,0,0,2,0,10,0,1,0
2024,278,2024-08-23,中信兄弟,away,3,4,True,先發,False,6,44,39,14,8,5,0,1,4,0,0,0,1,7,1,0,0
2024,281,2024-08-24,中信兄弟,away,5,7,True,先發,False,3,41,36,5,2,3,0,0,3,0,1,0,1,8,0,0,0
2024,284,2024-08-25,中信兄弟,away,0,4,True,先發,False,3,40,36,11,10,1,0,0,2,0,1,0,1,7,1,1,0
2024,286,2024-08-27,富邦悍將,home,4,2,True,先發,False,2,33,31,7,5,1,0,1,1,0,0,0,1,9,0,0,0
2024,288,2024-08-28,富邦悍將,home,3,5,True,先發,True,5,37,34,12,10,1,0,1,2,0,0,0,1,2,2,1,0
2024,292,2024-08-30,台鋼雄鷹,home,2,8,True,先發,True,8,39,36,12,8,1,1,2,2,0,1,0,0,6,0,0,0
2024,295,2024-08-31,台鋼雄鷹,home,11,4,True,先發,False,4,38,36,10,9,1,0,0,2,0,0,0,0,5,1,2,0
2024,298,2024-09-01,台鋼雄鷹,home,11,6,True,先發,False,6,39,33,10,9,1,0,0,4,0,0,2,0,3,2,1,0
2024,302,2024-09-03,統一7-ELEVEn獅,away,8,1,True,先發,True,1,35,32,5,4,1,0,0,3,0,0,0,0,9,0,1,0
2024,304,2024-09-04,統一7-ELEVEn獅,away,2,6,True,先發,False,9,43,40,15,12,1,1,1,2,0,1,0,0,9,0,1,1
2024,309,2024-09-06,味全龍,home,8,3,True,先發,False,4,35,31,6,3,2,0,1,4,0,0,0,0,4,1,0,1
2024,312,2024-09-07,味全龍,home,0,5,True,先發,True,9,41,37,15,10,3,2,0,2,0,1,1,0,5,1,0,0
2024,315,2024-09-08,味全龍,home,8,2,True,先發,False,1,32,31,5,4,1,0,0,1,0,0,0,0,3,1,0,0
2024,320,2024-09-11,中信兄弟,home,6,3,True,先發,False,0,34,32,3,3,0,0,0,2,0,0,0,0,5,1,0,0
2024,321,2024-09-12,中信兄弟,home,8,13,True,先發,True,13,46,41,20,16,3,1,0,3,0,1,1,0,8,0,2,0
2024,322,2024-09-13,富邦悍將,away,0,4,True,先發,False,0,36,34,8,5,3,0,0,1,0,1,0,0,9,1,0,0
2024,325,2024-09-14,富邦悍將,away,3,2,True,先發,True,4,39,32,7,7,0,0,0,3,0,3,0,1,8,0,1,0
2024,328,2024-09-15,富邦悍將,away,0,3,True,先發,False,6,44,39,13,11,1,0,1,3,0,1,0,1,9,0,1,0
2024,331,2024-09-17,統一7-ELEVEn獅,away,2,9,True,先發,False,2,35,34,10,8,2,0,0,1,0,0,0,0,11,2,0,0
2024,334,2024-09-19,味全龍,home,9,1,True,先發,False,1,35,34,8,5,2,1,0,1,0,0,0,0,8,1,1,0
2024,337,2024-09-20,味全龍,home,1,7,True,先發,True,7,38,34,10,6,3,0,1,4,0,0,0,0,2,0,2,0
2024,342,2024-09-21,台鋼雄鷹,away,1,12,True,先發,False,1,36,34,7,5,2,0,0,2,0,0,0,0,9,0,0,0
2024,345,2024-09-22,台鋼雄鷹,away,3,5,True,先發,False,6,40,36,11,8,2,1,0,3,0,1,0,0,4,0,2,1
2024,346,2024-09-24,統一7-ELEVEn獅,home,1,1,True,先發,False,1,35,33,8,7,1,0,0,1,0,0,0,1,3,2,0,0
2024,350,2024-09-26,富邦悍將,away,2,3,True,先發,False,10,44,37,12,10,0,1,1,3,0,0,1,3,8,1,0,0
2024,353,2024-09-27,富邦悍將,away,6,5,True,先發,True,8,43,36,13,11,1,0,1,4,0,1,2,0,6,3,1,1
2024,356,2024-09-28,中信兄弟,home,4,0,True,先發,False,0,34,32,7,7,0,0,0,0,0,1,0,1,7,0,1,1
2024,359,2024-09-29,中信兄弟,home,4,2,True,先發,False,5,42,39,12,9,1,0,2,3,0,0,0,0,6,0,0,0
2025,2,2025-06-28,味全龍,home,6,5,False,,False,5,44,38,9,7,1,0,1,5,0,0,1,0,9,0,1,1
2025,6,2025-04-02,統一7-ELEVEn獅,away,3,5,True,先發,False,3,39,32,8,7,1,0,0,5,0,0,1,1,4,0,0,0
2025,8,2025-04-03,統一7-ELEVEn獅,away,2,5,True,先發,False,2,38,34,7,3,3,0,1,4,0,0,0,0,3,0,1,0
2025,11,2025-04-04,台鋼雄鷹,away,3,3,True,先發,False,3,39,36,13,13,0,0,0,3,0,0,0,0,7,0,0,0
2025,14,2025-04-05,台鋼雄鷹,away,2,4,True,先發,False,2,35,33,9,7,1,0,1,2,0,0,0,0,9,0,0,1
2025,18,2025-04-06,台鋼雄鷹,away,5,2,True,先發,True,5,39,37,12,9,1,1,1,0,0,1,0,1,3,0,0,0
2025,20,2025-04-08,富邦悍將,home,3,6,True,先發,True,6,33,32,9,6,2,1,0,0,0,1,0,0,6,0,3,0
2025,22,2025-04-09,富邦悍將,home,2,8,True,先發,True,8,44,36,16,12,4,0,0,5,0,1,1,1,4,0,1,0
2025,26,2025-04-11,中信兄弟,home,15,4,True,先發,False,4,40,35,12,9,2,0,1,2,0,1,1,1,6,0,0,0
2025,30,2025-04-12,中信兄弟,home,3,2,True,先發,False,2,33,29,3,2,1,0,0,3,0,1,0,0,7,0,0,0
2025,32,2025-04-13,中信兄弟,home,2,4,True,先發,True,4,36,30,7,4,3,0,0,4,1,1,0,1,2,0,0,0
2025,36,2025-04-15,味全龍,away,1,0,True,先發,True,1,30,30,5,5,0,0,0,0,0,0,0,0,9,0,0,2
2025,38,2025-04-16,味全龍,away,3,5,True,先發,False,3,34,32,8,5,2,0,1,1,0,0,0,1,5,0,1,0
2025,43,2025-04-18,統一7-ELEVEn獅,home,4,2,True,代打,False,2,36,30,5,4,1,0,0,2,0,2,1,1,4,0,1,0
2025,46,2025-04-19,統一7-ELEVEn獅,home,3,0,False,,False,0,32,32,4,4,0,0,0,0,0,0,0,0,11,0,0,0
2025,47,2025-06-29,統一7-ELEVEn獅,home,4,1,False,,False,1,33,31,7,4,3,0,0,1,0,0,0,1,8,0,0,0
2025,54,2025-04-23,台鋼雄鷹,home,0,6,False,,True,6,36,32,10,9,0,1,0,2,0,1,1,0,3,0,1,0
2025,55,2025-04-24,台鋼雄鷹,home,4,1,False,,False,1,35,33,10,8,1,1,0,1,0,0,0,1,6,0,0,0
2025,56,2025-06-25,富邦悍將,away,0,2,False,,False,0,33,30,4,3,1,0,0,2,0,0,0,1,13,0,0,0
2025,60,2025-04-26,富邦悍將,away,7,6,False,,True,7,41,34,9,8,1,0,0,6,0,1,0,0,10,0,1,0
2025,64,2025-04-27,富邦悍將,away,3,2,False,,True,3,43,38,9,8,1,0,0,2,0,1,0,2,11,0,0,1
2025,66,2025-04-29,中信兄弟,away,4,3,False,,True,4,37,36,12,9,2,0,1,0,0,0,0,1,3,0,1,1
2025,68,2025-04-30,中信兄弟,away,5,3,False,,True,5,40,35,11,6,4,0,1,3,0,0,0,2,7,0,1,1
2025,73,2025-05-02,味全龍,home,3,3,False,,False,3,37,36,8,5,2,0,1,1,0,0,0,0,6,0,1,1
2025,76,2025-05-03,味全龍,home,2,3,False,,True,3,38,30,7,7,0,0,0,5,0,1,1,1,6,0,0,0
2025,79,2025-05-04,味全龍,home,5,3,False,,False,3,36,28,5,4,1,0,0,4,1,0,1,3,7,0,0,0
2025,81,2025-05-06,富邦悍將,away,5,1,False,,True,5,41,31,11,8,1,1,1,6,0,1,1,2,2,0,0,2
2025,84,2025-06-26,富邦悍將,away,3,5,False,,False,3,45,38,9,9,0,0,0,3,0,1,0,3,9,0,2,1
2025,87,2025-05-09,味全龍,away,1,3,False,,False,1,32,31,5,5,0,0,0,0,0,1,0,0,4,0,1,0
2025,90,2025-05-10,味全龍,away,0,1,True,代打,False,0,35,33,4,4,0,0,0,1,1,0,0,1,6,0,0,0
2025,91,2025-06-24,味全龍,away,11,3,False,,True,11,44,41,17,14,1,0,2,1,0,1,0,1,1,0,1,0
2025,98,2025-05-14,統一7-ELEVEn獅,home,1,10,True,先發,True,10,43,36,14,7,6,1,0,5,0,1,1,0,6,0,2,0
2025,99,2025-05-15,統一7-ELEVEn獅,home,1,4,True,先發,True,4,33,30,7,5,1,0,1,1,0,1,0,1,5,0,0,1
2025,102,2025-05-16,中信兄弟,away,5,4,True,先發,True,5,35,34,9,5,1,0,3,1,0,0,0,0,7,0,0,1
2025,105,2025-05-17,中信兄弟,away,12,6,True,先發,True,12,48,46,18,13,2,0,3,2,0,0,0,0,5,0,1,0
2025,108,2025-05-18,中信兄弟,away,7,9,True,先發,False,7,45,38,14,11,2,0,1,6,0,0,1,0,8,0,0,0
2025,110,2025-05-20,台鋼雄鷹,away,1,6,True,先發,False,1,31,30,5,4,1,0,0,0,0,1,0,0,6,0,0,0
2025,112,2025-05-21,台鋼雄鷹,away,4,6,True,先發,False,4,36,33,5,4,0,1,0,3,0,0,0,0,6,0,1,0
2025,116,2025-05-23,富邦悍將,home,5,10,False,,True,10,45,39,18,13,3,2,0,2,0,3,1,0,3,0,0,0
2025,119,2025-05-24,富邦悍將,home,0,1,False,,True,1,20,17,3,3,0,0,0,2,0,0,0,1,5,0,2,0
2025,122,2025-05-25,富邦悍將,home,1,6,False,,True,6,36,36,14,8,4,1,1,0,0,0,0,0,5,0,0,0
2025,127,2025-05-28,味全龍,home,5,5,True,先發,False,5,43,39,13,10,3,0,0,1,0,1,0,2,6,0,0,0
2025,129,2025-05-30,統一7-ELEVEn獅,away,3,8,True,先發,False,3,36,35,8,8,0,0,0,1,0,0,0,0,12,0,0,0
2025,132,2025-05-31,統一7-ELEVEn獅,away,5,1,True,先發,True,5,37,34,10,7,2,1,0,2,0,0,0,1,2,0,2,0
2025,135,2025-06-01,統一7-ELEVEn獅,away,0,5,True,先發,False,0,35,34,7,7,0,0,0,1,0,0,0,0,6,0,0,0
2025,138,2025-06-27,中信兄弟,home,2,1,False,,False,1,35,34,9,7,2,0,0,1,0,0,0,0,8,0,1,0
2025,140,2025-06-04,中信兄弟,home,2,8,True,先發,True,8,38,34,10,8,2,0,0,3,0,0,0,1,4,0,1,0
2025,144,2025-06-06,台鋼雄鷹,home,1,7,True,先發,True,7,37,35,11,8,3,0,0,2,0,0,0,0,6,0,5,1
2025,147,2025-06-07,台鋼雄鷹,home,5,6,True,先發,True,6,38,35,10,6,1,1,2,2,0,0,0,1,8,0,0,1
2025,150,2025-06-08,台鋼雄鷹,home,7,4,True,先發,False,4,40,37,11,5,5,0,1,3,0,0,0,0,5,0,1,1
2025,152,2025-06-10,味全龍,home,13,3,False,,False,3,35,33,7,7,0,0,0,1,0,1,0,0,3,0,0,0
2025,154,2025-06-12,中信兄弟,away,1,4,True,代打,False,1,34,33,5,3,1,0,1,1,0,0,0,0,7,0,1,0
2025,157,2025-06-18,中信兄弟,away,4,2,False,,True,4,43,39,14,12,2,0,0,4,0,0,0,0,8,0,2,1
2025,162,2025-06-14,富邦悍將,away,7,2,True,先發,True,7,42,39,13,10,3,0,0,1,0,1,0,1,4,0,1,0
2025,164,2025-06-15,富邦悍將,away,3,7,True,先發,False,3,36,33,8,7,0,0,1,2,0,0,1,0,4,0,1,0
2025,167,2025-06-17,味全龍,away,2,1,False,,True,2,35,34,10,9,1,0,0,1,0,0,0,0,1,0,1,1
2025,170,2025-06-19,統一7-ELEVEn獅,home,1,2,False,,True,2,33,31,8,8,0,0,0,1,0,0,0,1,5,0,1,0
2025,173,2025-06-20,統一7-ELEVEn獅,home,12,2,False,,False,2,33,26,2,1,0,1,0,6,0,1,0,0,8,0,0,0
2025,176,2025-06-21,台鋼雄鷹,home,11,11,True,代打,False,11,53,44,15,9,4,2,0,8,0,0,0,1,3,0,1,0
2025,179,2025-06-22,台鋼雄鷹,home,1,2,False,,True,2,30,28,4,4,0,0,0,2,0,0,0,0,6,0,1,1
2025,181,2025-07-04,富邦悍將,home,4,5,False,,True,5,33,32,9,8,0,0,1,1,0,0,0,0,5,0,0,0
2025,185,2025-07-05,富邦悍將,home,18,4,False,,False,4,36,35,7,3,3,0,1,1,0,0,0,0,5,0,1,0
2025,188,2025-07-06,富邦悍將,home,2,7,False,,True,7,39,35,13,8,3,0,2,2,0,0,1,1,5,0,0,0
2025,194,2025-10-02,台鋼雄鷹,away,3,2,False,,True,3,35,34,9,7,1,0,1,0,0,0,0,1,6,0,0,1
2025,195,2025-10-01,台鋼雄鷹,away,0,3,True,先發,False,0,33,32,6,6,0,0,0,1,0,0,0,0,7,0,0,0
2025,197,2025-10-03,統一7-ELEVEn獅,away,7,3,False,,True,7,42,39,14,11,2,0,1,3,0,0,0,0,6,0,1,1
2025,199,2025-07-12,統一7-ELEVEn獅,away,4,11,False,,False,4,43,38,11,9,2,0,0,4,0,1,0,0,9,0,3,1
2025,202,2025-07-13,統一7-ELEVEn獅,away,4,0,False,,True,4,39,38,13,8,3,0,2,0,0,0,0,1,8,0,0,1
2025,206,2025-07-15,中信兄弟,home,5,6,False,,True,6,38,38,14,12,2,0,0,0,0,0,0,0,6,0,0,0
2025,208,2025-07-16,中信兄弟,home,7,4,False,,False,4,41,39,15,13,2,0,0,1,0,1,0,0,4,0,0,0
2025,211,2025-07-22,味全龍,away,4,3,False,,True,4,43,39,7,1,5,0,1,3,0,0,1,0,4,0,0,0
2025,213,2025-07-23,味全龍,away,0,2,False,,False,0,33,31,5,2,3,0,0,2,0,0,0,0,5,0,0,0
2025,218,2025-09-29,台鋼雄鷹,home,7,3,False,,False,3,38,34,7,4,2,1,0,4,0,0,0,0,3,0,2,0
2025,222,2025-07-26,台鋼雄鷹,home,4,4,False,,False,4,38,37,9,6,1,0,2,0,0,1,0,0,9,0,0,0
2025,225,2025-07-27,台鋼雄鷹,home,7,7,False,,False,7,43,35,14,13,1,0,0,5,0,0,2,1,9,0,0,1
2025,227,2025-07-29,富邦悍將,away,0,1,False,,False,0,34,31,5,5,0,0,0,2,0,1,0,0,5,0,0,2
2025,229,2025-07-30,富邦悍將,away,9,1,False,,True,9,47,44,17,12,4,0,1,1,0,1,1,0,5,0,1,0
2025,232,2025-08-01,中信兄弟,away,5,6,True,先發,False,5,38,36,11,8,3,0,0,0,0,1,1,0,3,0,0,1
2025,236,2025-08-02,中信兄弟,away,3,4,True,先發,False,3,38,36,7,5,2,0,0,2,0,0,0,0,7,0,2,0
2025,238,2025-08-03,中信兄弟,away,3,5,True,先發,False,3,39,36,9,8,1,0,0,3,0,0,0,0,8,0,1,0
2025,241,2025-08-05,統一7-ELEVEn獅,home,2,3,True,先發,True,3,35,33,11,10,1,0,0,1,0,0,0,1,5,0,3,0
2025,244,2025-08-06,統一7-ELEVEn獅,home,2,4,True,先發,True,4,37,32,9,8,0,0,1,4,0,0,1,0,5,0,1,0
2025,247,2025-08-08,味全龍,home,3,4,True,先發,True,4,32,30,7,5,0,0,2,1,0,1,0,0,7,0,0,0
2025,251,2025-08-09,味全龍,home,5,2,True,先發,False,2,40,38,11,9,2,0,0,1,0,1,0,0,6,0,2,0
2025,254,2025-08-10,味全龍,home,6,2,True,先發,False,2,34,33,6,5,1,0,0,1,0,0,0,0,7,0,0,0
2025,257,2025-08-12,台鋼雄鷹,home,0,1,True,先發,True,1,29,23,3,3,0,0,0,3,0,1,0,2,6,0,0,3
2025,259,2025-08-13,台鋼雄鷹,home,2,3,True,先發,True,3,30,29,5,4,0,0,1,1,0,0,0,0,4,0,1,0
2025,264,2025-08-15,味全龍,away,3,0,True,先發,True,3,37,36,10,6,4,0,0,1,0,0,0,0,4,0,1,0
2025,267,2025-08-16,味全龍,away,2,3,True,先發,False,2,36,32,7,5,2,0,0,3,0,0,0,1,3,0,2,0
2025,270,2025-08-17,味全龍,away,6,5,True,先發,True,6,42,37,11,8,2,0,1,3,0,1,0,1,9,0,2,0
2025,271,2025-08-19,富邦悍將,home,1,2,True,先發,True,2,36,29,7,6,1,0,0,4,1,1,1,1,3,0,0,0
2025,274,2025-08-20,富邦悍將,home,9,1,True,先發,False,1,34,32,8,6,2,0,0,0,0,1,1,0,8,0,0,0
2025,277,2025-08-22,統一7-ELEVEn獅,home,0,9,True,先發,True,9,39,37,13,11,1,0,1,1,0,1,0,0,5,0,1,1
2025,280,2025-08-23,統一7-ELEVEn獅,home,3,8,True,先發,True,8,41,37,16,13,1,2,0,2,0,0,2,0,3,0,0,1
2025,284,2025-08-24,統一7-ELEVEn獅,home,8,2,True,先發,False,2,36,32,6,6,0,0,0,4,0,0,0,0,7,0,0,0
2025,290,2025-08-27,中信兄弟,away,1,7,True,先發,False,1,33,32,5,3,2,0,0,1,0,0,0,0,7,0,0,0
2025,291,2025-08-28,中信兄弟,away,6,7,True,先發,False,6,39,34,9,7,1,0,1,4,0,0,0,0,5,0,1,1
2025,294,2025-08-29,台鋼雄鷹,away,5,10,True,先發,False,5,42,38,12,11,1,0,0,2,0,0,0,2,8,0,1,1
2025,295,2025-08-30,台鋼雄鷹,away,4,3,True,先發,True,4,37,34,7,5,2,0,0,2,0,1,0,0,8,0,1,0
2025,300,2025-08-31,台鋼雄鷹,away,7,6,True,先發,True,7,50,46,15,13,2,0,0,2,0,0,0,2,8,0,1,1
2025,302,2025-09-02,味全龍,home,5,2,True,先發,False,2,38,32,5,3,2,0,0,5,0,1,0,0,10,0,2,0
2025,304,2025-09-03,味全龍,home,1,2,True,先發,True,2,31,28,4,4,0,0,0,3,0,0,0,0,8,0,1,1
2025,308,2025-09-05,富邦悍將,away,3,1,True,先發,True,3,37,34,7,5,1,0,1,3,0,0,0,0,8,0,2,0
2025,311,2025-09-06,富邦悍將,away,8,0,True,先發,True,8,44,42,17,16,1,0,0,1,0,0,1,0,3,0,0,0
2025,315,2025-10-04,富邦悍將,away,2,7,False,,False,2,32,31,5,3,2,0,0,1,0,0,0,0,8,0,0,0
2025,317,2025-09-09,統一7-ELEVEn獅,away,4,0,True,先發,True,4,34,32,6,4,0,1,1,2,0,0,0,0,4,0,1,0
2025,319,2025-09-10,統一7-ELEVEn獅,away,0,3,True,先發,False,0,37,34,9,8,1,0,0,2,0,0,0,1,10,0,0,0
2025,324,2025-09-12,中信兄弟,home,5,1,True,先發,False,1,36,35,8,6,2,0,0,1,0,0,0,0,9,0,1,0
2025,327,2025-09-13,中信兄弟,home,0,8,True,先發,True,8,36,32,9,4,5,0,0,3,0,0,1,0,7,0,0,0
2025,328,2025-09-14,中信兄弟,home,2,3,True,先發,True,3,31,30,7,5,1,0,1,1,1,0,0,0,7,0,1,1
2025,331,2025-09-16,味全龍,home,4,7,True,先發,True,7,37,34,12,11,1,0,0,1,0,2,0,0,2,0,0,1
2025,335,2025-09-18,富邦悍將,home,2,5,True,先發,True,5,41,34,12,8,3,1,0,4,0,1,1,1,4,0,2,0
2025,338,2025-09-19,富邦悍將,home,2,6,True,先發,True,6,36,32,9,5,4,0,0,1,0,1,1,1,1,0,0,0
2025,340,2025-09-20,統一7-ELEVEn獅,away,1,2,True,先發,False,1,33,31,5,3,2,0,0,1,0,1,0,0,3,0,0,0
2025,343,2025-10-06,統一7-ELEVEn獅,away,5,4,False,,True,5,47,42,14,11,2,0,1,1,0,3,1,0,5,0,2,1
2025,346,2025-09-23,味全龍,away,8,3,True,先發,True,8,42,36,9,9,0,0,0,3,0,1,2,0,6,0,2,0
2025,351,2025-09-25,台鋼雄鷹,away,2,5,True,代打,False,2,39,37,11,10,1,0,0,1,0,1,0,0,4,0,1,0
2025,354,2025-09-26,台鋼雄鷹,away,4,0,False,,True,4,40,35,9,7,2,0,0,3,0,1,1,0,5,0,1,0
2025,356,2025-09-27,中信兄弟,home,7,5,False,,False,5,40,36,14,10,3,1,0,2,0,0,2,0,0,0,0,1
2025,359,2025-09-28,中信兄弟,home,4,0,False,,False,0,30,30,4,4,0,0,0,0,0,0,0,0,7,0,0,1
2026,1,2026-03-28,中信兄弟,home,2,3,False,,True,3,38,32,8,5,2,0,1,3,1,1,0,2,9,0,1,0
2026,3,2026-03-29,味全龍,home,3,2,False,,False,2,36,35,8,7,0,0,1,1,0,0,0,0,9,0,0,0
2026,6,2026-03-31,台鋼雄鷹,home,3,1,False,,False,1,31,27,2,2,0,0,0,4,0,0,0,0,10,0,3,1
2026,9,2026-04-01,台鋼雄鷹,home,6,1,False,,False,1,41,36,8,6,2,0,0,4,0,1,0,0,5,0,0,0
2026,12,2026-04-03,富邦悍將,away,2,3,False,,False,2,35,30,4,4,0,0,0,3,0,1,0,1,6,0,0,0
2026,15,2026-06-27,富邦悍將,away,2,9,False,,False,2,32,30,3,1,1,0,1,1,0,1,0,0,7,0,1,0
2026,19,2026-04-05,富邦悍將,away,5,1,False,,True,5,36,30,9,6,2,0,1,3,0,0,1,2,6,0,0,1
2026,21,2026-04-06,味全龍,away,1,0,False,,True,1,36,34,6,6,0,0,0,1,0,0,1,0,7,0,0,0
2026,24,2026-06-02,味全龍,away,0,3,False,,False,0,32,28,1,1,0,0,0,4,0,0,0,0,9,0,4,0
2026,28,2026-04-10,中信兄弟,home,2,4,False,,True,4,30,30,7,4,1,1,1,0,0,0,0,0,7,0,0,1
2026,31,2026-04-11,中信兄弟,home,1,2,False,,True,2,30,27,5,3,2,0,0,1,0,0,1,1,6,0,0,0
2026,34,2026-04-12,中信兄弟,home,14,4,False,,False,4,43,34,10,8,1,0,1,6,0,1,1,1,6,0,0,0
2026,39,2026-04-15,統一7-ELEVEn獅,home,5,1,False,,False,1,33,32,6,4,2,0,0,1,0,0,0,0,4,0,0,0
2026,40,2026-04-16,統一7-ELEVEn獅,home,7,3,False,,False,3,35,33,7,6,1,0,0,1,0,0,1,0,7,0,0,0
2026,41,2026-04-17,台鋼雄鷹,away,6,3,False,,True,6,40,38,11,9,1,0,1,2,0,0,0,0,6,0,0,1
2026,44,2026-04-18,台鋼雄鷹,away,1,6,False,,False,1,37,33,6,4,2,0,0,4,0,0,0,0,6,0,0,0
2026,47,2026-04-19,台鋼雄鷹,away,4,5,False,,False,4,41,36,10,7,2,1,0,2,0,2,0,1,5,0,4,0
2026,51,2026-04-21,富邦悍將,home,1,6,False,,True,6,39,37,11,7,2,0,2,1,0,1,0,0,2,0,3,0
2026,53,2026-04-22,富邦悍將,home,2,4,False,,True,4,35,32,10,8,2,0,0,1,0,1,1,0,4,0,1,1
2026,58,2026-06-24,味全龍,home,2,7,False,,True,7,39,37,14,9,5,0,0,1,0,0,0,1,2,0,2,0
2026,61,2026-04-25,味全龍,home,4,1,False,,False,1,34,32,5,4,0,0,1,2,0,0,0,0,4,0,1,0
2026,64,2026-04-26,味全龍,home,2,3,False,,True,3,33,30,8,6,1,0,1,1,0,1,0,1,6,0,0,1
2026,69,2026-04-29,中信兄弟,away,2,2,False,,False,2,34,30,7,6,1,0,0,4,0,0,0,0,6,0,3,1
2026,70,2026-04-30,中信兄弟,away,3,1,False,,True,3,34,32,6,4,2,0,0,2,0,0,0,0,7,0,3,0
2026,71,2026-05-01,統一7-ELEVEn獅,away,0,3,False,,False,0,35,32,5,5,0,0,0,3,0,0,0,0,10,0,0,0
2026,74,2026-05-02,統一7-ELEVEn獅,away,2,9,False,,False,2,40,33,8,6,2,0,0,4,0,2,0,1,4,0,0,0
2026,78,2026-05-03,統一7-ELEVEn獅,away,1,4,False,,False,1,31,27,3,2,1,0,0,4,0,0,0,0,9,0,1,1
2026,80,2026-06-26,富邦悍將,away,3,1,False,,True,3,24,23,6,5,1,0,0,0,0,0,1,0,4,0,0,0
2026,82,2026-05-06,富邦悍將,away,1,7,False,,False,1,39,36,9,9,0,0,0,2,0,1,0,0,6,0,0,0
2026,86,2026-05-08,統一7-ELEVEn獅,home,1,1,False,,False,1,35,32,6,5,1,0,0,3,1,0,0,0,3,0,3,0
2026,89,2026-05-09,統一7-ELEVEn獅,home,1,0,False,,False,0,33,32,7,7,0,0,0,1,0,0,0,0,5,0,0,1
2026,92,2026-05-10,統一7-ELEVEn獅,home,2,7,False,,True,7,37,33,11,9,0,2,0,1,0,1,1,1,5,0,0,0
2026,97,2026-05-13,台鋼雄鷹,away,3,1,False,,True,3,39,33,8,6,2,0,0,1,0,2,2,1,6,0,1,0
2026,98,2026-05-14,台鋼雄鷹,away,2,3,False,,False,2,35,33,6,3,2,0,1,1,0,1,0,0,2,0,0,0
2026,100,2026-05-15,味全龍,away,1,3,False,,False,1,37,36,9,7,2,0,0,1,0,0,0,0,2,0,0,0
2026,103,2026-05-16,味全龍,away,1,3,False,,False,1,33,33,6,6,0,0,0,0,0,0,0,0,3,0,0,0
2026,106,2026-05-17,味全龍,away,0,2,False,,False,0,32,32,5,5,0,0,0,0,0,0,0,0,5,0,0,0
2026,110,2026-05-20,中信兄弟,home,7,9,False,,True,9,39,33,13,11,0,0,2,4,0,0,0,2,3,0,1,1
2026,113,2026-05-22,富邦悍將,home,2,3,False,,True,3,32,30,8,7,1,0,0,1,0,0,0,1,3,0,1,0
2026,117,2026-05-23,富邦悍將,home,3,1,False,,False,1,31,30,8,7,0,0,1,0,0,0,0,1,5,0,0,0
2026,121,2026-05-24,富邦悍將,home,1,3,False,,True,3,37,30,8,6,1,0,1,2,0,4,0,1,7,0,1,1
2026,123,2026-05-26,統一7-ELEVEn獅,away,1,0,False,,True,1,35,32,8,5,2,1,0,3,0,0,0,0,5,0,0,2
2026,125,2026-05-27,統一7-ELEVEn獅,away,5,7,False,,False,5,39,36,8,6,2,0,0,3,0,0,0,0,9,0,1,0
2026,130,2026-05-29,台鋼雄鷹,home,8,3,False,,False,3,38,36,8,5,1,0,2,2,0,0,0,0,10,0,0,0
2026,133,2026-05-30,台鋼雄鷹,home,5,3,False,,False,3,42,33,10,9,1,0,0,7,0,0,1,1,9,0,0,1
2026,136,2026-05-31,台鋼雄鷹,home,6,7,False,,True,7,40,30,8,7,1,0,0,6,1,1,2,1,5,0,0,0
2026,139,2026-06-03,味全龍,home,7,3,False,,False,3,40,37,11,8,2,0,1,1,0,2,0,0,2,0,0,0
2026,142,2026-06-05,中信兄弟,away,6,7,False,,False,6,41,34,10,7,2,0,1,5,0,1,0,1,6,0,1,1
2026,147,2026-06-06,中信兄弟,away,4,8,False,,False,4,37,34,9,9,0,0,0,2,0,0,0,1,8,0,0,0
2026,150,2026-06-28,中信兄弟,away,2,0,False,,True,2,31,29,5,5,0,0,0,0,0,1,0,1,4,0,0,1
2026,153,2026-06-23,統一7-ELEVEn獅,home,1,0,False,,False,0,31,27,3,2,1,0,0,3,0,0,0,1,5,0,0,0
2026,156,2026-06-17,台鋼雄鷹,away,9,7,False,,True,9,48,44,16,13,3,0,0,1,0,0,0,3,6,0,2,0
2026,159,2026-06-12,台鋼雄鷹,away,0,0,False,,False,0,34,31,6,5,1,0,0,2,0,1,0,0,7,0,1,2
2026,162,2026-06-13,中信兄弟,away,9,8,False,,True,9,52,43,14,10,2,1,1,6,0,0,2,1,6,0,3,2
2026,165,2026-07-02,中信兄弟,away,9,6,False,,True,9,47,41,16,13,3,0,0,5,0,0,1,0,3,0,0,0
2026,167,2026-07-01,統一7-ELEVEn獅,away,0,1,True,先發,False,0,33,32,8,7,1,0,0,1,0,0,0,0,5,0,0,0
2026,170,2026-06-18,味全龍,home,7,0,False,,False,0,35,32,6,4,2,0,0,2,0,1,0,0,5,0,1,0
2026,173,2026-06-19,味全龍,home,11,3,False,,False,3,41,37,10,6,3,0,1,4,0,0,0,0,3,0,0,0
2026,177,2026-06-20,富邦悍將,home,2,0,False,,False,0,28,27,1,1,0,0,0,1,0,0,0,0,7,0,1,0
2026,180,2026-06-21,富邦悍將,home,3,1,False,,False,1,30,27,3,3,0,0,0,1,0,0,1,1,2,0,0,0
2026,183,2026-07-03,中信兄弟,away,5,3,True,先發,True,5,38,35,11,9,1,1,0,1,0,1,1,0,5,0,0,0
2026,186,2026-07-04,中信兄弟,away,1,2,False,,False,1,32,29,5,4,0,0,1,2,0,1,0,0,4,0,1,1
2026,189,2026-07-05,中信兄弟,away,4,2,True,先發,True,4,35,32,7,6,0,0,1,2,0,0,1,0,7,0,2,1
2026,190,2026-07-07,富邦悍將,away,5,3,True,先發,True,5,43,37,12,10,1,0,1,5,0,0,0,1,6,0,0,0
2026,192,2026-07-08,富邦悍將,away,1,0,True,先發,True,1,33,28,3,3,0,0,0,2,0,1,0,2,9,0,0,0
2026,204,2026-07-12,台鋼雄鷹,home,1,6,True,先發,True,6,40,37,13,10,3,0,0,2,0,0,1,0,5,0,2,0
2026,209,2026-07-15,統一7-ELEVEn獅,home,3,2,True,先發,False,2,42,37,8,7,1,0,0,4,0,0,0,1,6,0,2,0
